<annotation>
	<folder>my-project-name</folder>
	<filename>image_20250419_164212.jpg</filename>
	<path>/my-project-name/image_20250419_164212.jpg</path>
	<source>
		<database>Unspecified</database>
	</source>
	<size>
		<width>1280</width>
		<height>720</height>
		<depth>3</depth>
	</size>
	<object>
		<name>Trash</name>
		<pose>Unspecified</pose>
		<truncated>0</truncated>
		<difficult>0</difficult>
		<bndbox>
			<xmin>58</xmin>
			<ymin>461</ymin>
			<xmax>436</xmax>
			<ymax>628</ymax>
		</bndbox>
	</object>
	<object>
		<name>Trash</name>
		<pose>Unspecified</pose>
		<truncated>0</truncated>
		<difficult>0</difficult>
		<bndbox>
			<xmin>589</xmin>
			<ymin>483</ymin>
			<xmax>850</xmax>
			<ymax>617</ymax>
		</bndbox>
	</object>
	<object>
		<name>Trash</name>
		<pose>Unspecified</pose>
		<truncated>0</truncated>
		<difficult>0</difficult>
		<bndbox>
			<xmin>434</xmin>
			<ymin>483</ymin>
			<xmax>572</xmax>
			<ymax>610</ymax>
		</bndbox>
	</object>
</annotation>