<annotation>
	<folder>my-project-name</folder>
	<filename>image_20250419_164418.jpg</filename>
	<path>/my-project-name/image_20250419_164418.jpg</path>
	<source>
		<database>Unspecified</database>
	</source>
	<size>
		<width>1280</width>
		<height>720</height>
		<depth>3</depth>
	</size>
	<object>
		<name>Trash</name>
		<pose>Unspecified</pose>
		<truncated>0</truncated>
		<difficult>0</difficult>
		<bndbox>
			<xmin>0</xmin>
			<ymin>448</ymin>
			<xmax>214</xmax>
			<ymax>606</ymax>
		</bndbox>
	</object>
	<object>
		<name>Trash</name>
		<pose>Unspecified</pose>
		<truncated>0</truncated>
		<difficult>0</difficult>
		<bndbox>
			<xmin>458</xmin>
			<ymin>479</ymin>
			<xmax>663</xmax>
			<ymax>630</ymax>
		</bndbox>
	</object>
	<object>
		<name>Trash</name>
		<pose>Unspecified</pose>
		<truncated>0</truncated>
		<difficult>0</difficult>
		<bndbox>
			<xmin>829</xmin>
			<ymin>505</ymin>
			<xmax>1043</xmax>
			<ymax>606</ymax>
		</bndbox>
	</object>
</annotation>