<annotation>
	<folder>my-project-name</folder>
	<filename>image_20250419_155121.jpg</filename>
	<path>/my-project-name/image_20250419_155121.jpg</path>
	<source>
		<database>Unspecified</database>
	</source>
	<size>
		<width>1280</width>
		<height>720</height>
		<depth>3</depth>
	</size>
	<object>
		<name>Trash</name>
		<pose>Unspecified</pose>
		<truncated>0</truncated>
		<difficult>0</difficult>
		<bndbox>
			<xmin>672</xmin>
			<ymin>515</ymin>
			<xmax>799</xmax>
			<ymax>703</ymax>
		</bndbox>
	</object>
	<object>
		<name>Trash</name>
		<pose>Unspecified</pose>
		<truncated>0</truncated>
		<difficult>0</difficult>
		<bndbox>
			<xmin>277</xmin>
			<ymin>660</ymin>
			<xmax>536</xmax>
			<ymax>718</ymax>
		</bndbox>
	</object>
	<object>
		<name>Trash</name>
		<pose>Unspecified</pose>
		<truncated>0</truncated>
		<difficult>0</difficult>
		<bndbox>
			<xmin>1</xmin>
			<ymin>656</ymin>
			<xmax>22</xmax>
			<ymax>720</ymax>
		</bndbox>
	</object>
</annotation>