<annotation>
	<folder>my-project-name</folder>
	<filename>image_20250419_164408.jpg</filename>
	<path>/my-project-name/image_20250419_164408.jpg</path>
	<source>
		<database>Unspecified</database>
	</source>
	<size>
		<width>1280</width>
		<height>720</height>
		<depth>3</depth>
	</size>
	<object>
		<name>Trash</name>
		<pose>Unspecified</pose>
		<truncated>0</truncated>
		<difficult>0</difficult>
		<bndbox>
			<xmin>2</xmin>
			<ymin>453</ymin>
			<xmax>222</xmax>
			<ymax>604</ymax>
		</bndbox>
	</object>
	<object>
		<name>Trash</name>
		<pose>Unspecified</pose>
		<truncated>0</truncated>
		<difficult>0</difficult>
		<bndbox>
			<xmin>455</xmin>
			<ymin>479</ymin>
			<xmax>661</xmax>
			<ymax>630</ymax>
		</bndbox>
	</object>
	<object>
		<name>Trash</name>
		<pose>Unspecified</pose>
		<truncated>0</truncated>
		<difficult>0</difficult>
		<bndbox>
			<xmin>831</xmin>
			<ymin>500</ymin>
			<xmax>1045</xmax>
			<ymax>608</ymax>
		</bndbox>
	</object>
</annotation>