<annotation>
	<folder>my-project-name</folder>
	<filename>image_20250419_164358.jpg</filename>
	<path>/my-project-name/image_20250419_164358.jpg</path>
	<source>
		<database>Unspecified</database>
	</source>
	<size>
		<width>1280</width>
		<height>720</height>
		<depth>3</depth>
	</size>
	<object>
		<name>Trash</name>
		<pose>Unspecified</pose>
		<truncated>0</truncated>
		<difficult>0</difficult>
		<bndbox>
			<xmin>462</xmin>
			<ymin>485</ymin>
			<xmax>658</xmax>
			<ymax>630</ymax>
		</bndbox>
	</object>
	<object>
		<name>Trash</name>
		<pose>Unspecified</pose>
		<truncated>0</truncated>
		<difficult>0</difficult>
		<bndbox>
			<xmin>656</xmin>
			<ymin>490</ymin>
			<xmax>689</xmax>
			<ymax>578</ymax>
		</bndbox>
	</object>
	<object>
		<name>Trash</name>
		<pose>Unspecified</pose>
		<truncated>0</truncated>
		<difficult>0</difficult>
		<bndbox>
			<xmin>814</xmin>
			<ymin>505</ymin>
			<xmax>1038</xmax>
			<ymax>606</ymax>
		</bndbox>
	</object>
</annotation>