<annotation>
	<folder>my-project-name</folder>
	<filename>image_20250419_164006.jpg</filename>
	<path>/my-project-name/image_20250419_164006.jpg</path>
	<source>
		<database>Unspecified</database>
	</source>
	<size>
		<width>1280</width>
		<height>720</height>
		<depth>3</depth>
	</size>
	<object>
		<name>Trash</name>
		<pose>Unspecified</pose>
		<truncated>0</truncated>
		<difficult>0</difficult>
		<bndbox>
			<xmin>5</xmin>
			<ymin>425</ymin>
			<xmax>279</xmax>
			<ymax>638</ymax>
		</bndbox>
	</object>
	<object>
		<name>Trash</name>
		<pose>Unspecified</pose>
		<truncated>0</truncated>
		<difficult>0</difficult>
		<bndbox>
			<xmin>501</xmin>
			<ymin>457</ymin>
			<xmax>851</xmax>
			<ymax>651</ymax>
		</bndbox>
	</object>
</annotation>