<annotation>
	<folder>my-project-name</folder>
	<filename>image_20250419_164107.jpg</filename>
	<path>/my-project-name/image_20250419_164107.jpg</path>
	<source>
		<database>Unspecified</database>
	</source>
	<size>
		<width>1280</width>
		<height>720</height>
		<depth>3</depth>
	</size>
	<object>
		<name>Trash</name>
		<pose>Unspecified</pose>
		<truncated>0</truncated>
		<difficult>0</difficult>
		<bndbox>
			<xmin>24</xmin>
			<ymin>399</ymin>
			<xmax>399</xmax>
			<ymax>634</ymax>
		</bndbox>
	</object>
	<object>
		<name>Trash</name>
		<pose>Unspecified</pose>
		<truncated>0</truncated>
		<difficult>0</difficult>
		<bndbox>
			<xmin>503</xmin>
			<ymin>466</ymin>
			<xmax>881</xmax>
			<ymax>673</ymax>
		</bndbox>
	</object>
	<object>
		<name>Trash</name>
		<pose>Unspecified</pose>
		<truncated>0</truncated>
		<difficult>0</difficult>
		<bndbox>
			<xmin>490</xmin>
			<ymin>479</ymin>
			<xmax>507</xmax>
			<ymax>587</ymax>
		</bndbox>
	</object>
</annotation>