<annotation>
	<folder>my-project-name</folder>
	<filename>image_20250419_164001.jpg</filename>
	<path>/my-project-name/image_20250419_164001.jpg</path>
	<source>
		<database>Unspecified</database>
	</source>
	<size>
		<width>1280</width>
		<height>720</height>
		<depth>3</depth>
	</size>
	<object>
		<name>Trash</name>
		<pose>Unspecified</pose>
		<truncated>0</truncated>
		<difficult>0</difficult>
		<bndbox>
			<xmin>407</xmin>
			<ymin>474</ymin>
			<xmax>689</xmax>
			<ymax>625</ymax>
		</bndbox>
	</object>
	<object>
		<name>Trash</name>
		<pose>Unspecified</pose>
		<truncated>0</truncated>
		<difficult>0</difficult>
		<bndbox>
			<xmin>847</xmin>
			<ymin>496</ymin>
			<xmax>1164</xmax>
			<ymax>651</ymax>
		</bndbox>
	</object>
</annotation>