<annotation>
	<folder>my-project-name</folder>
	<filename>image_20250419_164453.jpg</filename>
	<path>/my-project-name/image_20250419_164453.jpg</path>
	<source>
		<database>Unspecified</database>
	</source>
	<size>
		<width>1280</width>
		<height>720</height>
		<depth>3</depth>
	</size>
	<object>
		<name>Trash</name>
		<pose>Unspecified</pose>
		<truncated>0</truncated>
		<difficult>0</difficult>
		<bndbox>
			<xmin>291</xmin>
			<ymin>472</ymin>
			<xmax>486</xmax>
			<ymax>578</ymax>
		</bndbox>
	</object>
	<object>
		<name>Trash</name>
		<pose>Unspecified</pose>
		<truncated>0</truncated>
		<difficult>0</difficult>
		<bndbox>
			<xmin>917</xmin>
			<ymin>492</ymin>
			<xmax>1263</xmax>
			<ymax>673</ymax>
		</bndbox>
	</object>
</annotation>