<annotation>
	<folder>my-project-name</folder>
	<filename>image_20250419_164257.jpg</filename>
	<path>/my-project-name/image_20250419_164257.jpg</path>
	<source>
		<database>Unspecified</database>
	</source>
	<size>
		<width>1280</width>
		<height>720</height>
		<depth>3</depth>
	</size>
	<object>
		<name>Trash</name>
		<pose>Unspecified</pose>
		<truncated>0</truncated>
		<difficult>0</difficult>
		<bndbox>
			<xmin>134</xmin>
			<ymin>453</ymin>
			<xmax>451</xmax>
			<ymax>647</ymax>
		</bndbox>
	</object>
	<object>
		<name>Trash</name>
		<pose>Unspecified</pose>
		<truncated>0</truncated>
		<difficult>0</difficult>
		<bndbox>
			<xmin>982</xmin>
			<ymin>505</ymin>
			<xmax>1248</xmax>
			<ymax>625</ymax>
		</bndbox>
	</object>
</annotation>