<annotation>
	<folder>my-project-name</folder>
	<filename>image_20250419_164423.jpg</filename>
	<path>/my-project-name/image_20250419_164423.jpg</path>
	<source>
		<database>Unspecified</database>
	</source>
	<size>
		<width>1280</width>
		<height>720</height>
		<depth>3</depth>
	</size>
	<object>
		<name>Trash</name>
		<pose>Unspecified</pose>
		<truncated>0</truncated>
		<difficult>0</difficult>
		<bndbox>
			<xmin>0</xmin>
			<ymin>457</ymin>
			<xmax>222</xmax>
			<ymax>608</ymax>
		</bndbox>
	</object>
	<object>
		<name>Trash</name>
		<pose>Unspecified</pose>
		<truncated>0</truncated>
		<difficult>0</difficult>
		<bndbox>
			<xmin>458</xmin>
			<ymin>485</ymin>
			<xmax>658</xmax>
			<ymax>632</ymax>
		</bndbox>
	</object>
	<object>
		<name>Trash</name>
		<pose>Unspecified</pose>
		<truncated>0</truncated>
		<difficult>0</difficult>
		<bndbox>
			<xmin>831</xmin>
			<ymin>500</ymin>
			<xmax>1047</xmax>
			<ymax>604</ymax>
		</bndbox>
	</object>
</annotation>