<annotation>
	<folder>my-project-name</folder>
	<filename>image_20250419_164323.jpg</filename>
	<path>/my-project-name/image_20250419_164323.jpg</path>
	<source>
		<database>Unspecified</database>
	</source>
	<size>
		<width>1280</width>
		<height>720</height>
		<depth>3</depth>
	</size>
	<object>
		<name>Trash</name>
		<pose>Unspecified</pose>
		<truncated>0</truncated>
		<difficult>0</difficult>
		<bndbox>
			<xmin>537</xmin>
			<ymin>477</ymin>
			<xmax>809</xmax>
			<ymax>625</ymax>
		</bndbox>
	</object>
	<object>
		<name>Trash</name>
		<pose>Unspecified</pose>
		<truncated>0</truncated>
		<difficult>0</difficult>
		<bndbox>
			<xmin>481</xmin>
			<ymin>479</ymin>
			<xmax>555</xmax>
			<ymax>567</ymax>
		</bndbox>
	</object>
</annotation>