<annotation>
	<folder>my-project-name</folder>
	<filename>image_20250419_164127.jpg</filename>
	<path>/my-project-name/image_20250419_164127.jpg</path>
	<source>
		<database>Unspecified</database>
	</source>
	<size>
		<width>1280</width>
		<height>720</height>
		<depth>3</depth>
	</size>
	<object>
		<name>Trash</name>
		<pose>Unspecified</pose>
		<truncated>0</truncated>
		<difficult>0</difficult>
		<bndbox>
			<xmin>512</xmin>
			<ymin>442</ymin>
			<xmax>1068</xmax>
			<ymax>714</ymax>
		</bndbox>
	</object>
	<object>
		<name>Trash</name>
		<pose>Unspecified</pose>
		<truncated>0</truncated>
		<difficult>0</difficult>
		<bndbox>
			<xmin>1241</xmin>
			<ymin>496</ymin>
			<xmax>1280</xmax>
			<ymax>645</ymax>
		</bndbox>
	</object>
</annotation>