<annotation>
	<folder>my-project-name</folder>
	<filename>image_20250419_164232.jpg</filename>
	<path>/my-project-name/image_20250419_164232.jpg</path>
	<source>
		<database>Unspecified</database>
	</source>
	<size>
		<width>1280</width>
		<height>720</height>
		<depth>3</depth>
	</size>
	<object>
		<name>Trash</name>
		<pose>Unspecified</pose>
		<truncated>0</truncated>
		<difficult>0</difficult>
		<bndbox>
			<xmin>380</xmin>
			<ymin>509</ymin>
			<xmax>475</xmax>
			<ymax>554</ymax>
		</bndbox>
	</object>
	<object>
		<name>Trash</name>
		<pose>Unspecified</pose>
		<truncated>0</truncated>
		<difficult>0</difficult>
		<bndbox>
			<xmin>740</xmin>
			<ymin>505</ymin>
			<xmax>993</xmax>
			<ymax>630</ymax>
		</bndbox>
	</object>
	<object>
		<name>Trash</name>
		<pose>Unspecified</pose>
		<truncated>0</truncated>
		<difficult>0</difficult>
		<bndbox>
			<xmin>984</xmin>
			<ymin>531</ymin>
			<xmax>1043</xmax>
			<ymax>591</ymax>
		</bndbox>
	</object>
</annotation>