<annotation>
	<folder>my-project-name</folder>
	<filename>image_20250419_164207.jpg</filename>
	<path>/my-project-name/image_20250419_164207.jpg</path>
	<source>
		<database>Unspecified</database>
	</source>
	<size>
		<width>1280</width>
		<height>720</height>
		<depth>3</depth>
	</size>
	<object>
		<name>Trash</name>
		<pose>Unspecified</pose>
		<truncated>0</truncated>
		<difficult>0</difficult>
		<bndbox>
			<xmin>494</xmin>
			<ymin>490</ymin>
			<xmax>738</xmax>
			<ymax>619</ymax>
		</bndbox>
	</object>
	<object>
		<name>Trash</name>
		<pose>Unspecified</pose>
		<truncated>0</truncated>
		<difficult>0</difficult>
		<bndbox>
			<xmin>928</xmin>
			<ymin>509</ymin>
			<xmax>1179</xmax>
			<ymax>634</ymax>
		</bndbox>
	</object>
</annotation>