<annotation>
	<folder>my-project-name</folder>
	<filename>image_20250419_164032.jpg</filename>
	<path>/my-project-name/image_20250419_164032.jpg</path>
	<source>
		<database>Unspecified</database>
	</source>
	<size>
		<width>1280</width>
		<height>720</height>
		<depth>3</depth>
	</size>
	<object>
		<name>Trash</name>
		<pose>Unspecified</pose>
		<truncated>0</truncated>
		<difficult>0</difficult>
		<bndbox>
			<xmin>41</xmin>
			<ymin>464</ymin>
			<xmax>173</xmax>
			<ymax>531</ymax>
		</bndbox>
	</object>
	<object>
		<name>Trash</name>
		<pose>Unspecified</pose>
		<truncated>0</truncated>
		<difficult>0</difficult>
		<bndbox>
			<xmin>192</xmin>
			<ymin>464</ymin>
			<xmax>417</xmax>
			<ymax>567</ymax>
		</bndbox>
	</object>
	<object>
		<name>Trash</name>
		<pose>Unspecified</pose>
		<truncated>0</truncated>
		<difficult>0</difficult>
		<bndbox>
			<xmin>404</xmin>
			<ymin>472</ymin>
			<xmax>486</xmax>
			<ymax>543</ymax>
		</bndbox>
	</object>
</annotation>