<annotation>
	<folder>my-project-name</folder>
	<filename>image_20250419_164016.jpg</filename>
	<path>/my-project-name/image_20250419_164016.jpg</path>
	<source>
		<database>Unspecified</database>
	</source>
	<size>
		<width>1280</width>
		<height>720</height>
		<depth>3</depth>
	</size>
	<object>
		<name>Trash</name>
		<pose>Unspecified</pose>
		<truncated>0</truncated>
		<difficult>0</difficult>
		<bndbox>
			<xmin>175</xmin>
			<ymin>414</ymin>
			<xmax>678</xmax>
			<ymax>688</ymax>
		</bndbox>
	</object>
	<object>
		<name>Trash</name>
		<pose>Unspecified</pose>
		<truncated>0</truncated>
		<difficult>0</difficult>
		<bndbox>
			<xmin>928</xmin>
			<ymin>468</ymin>
			<xmax>1280</xmax>
			<ymax>710</ymax>
		</bndbox>
	</object>
</annotation>