<annotation>
	<folder>my-project-name</folder>
	<filename>image_20250419_164308.jpg</filename>
	<path>/my-project-name/image_20250419_164308.jpg</path>
	<source>
		<database>Unspecified</database>
	</source>
	<size>
		<width>1280</width>
		<height>720</height>
		<depth>3</depth>
	</size>
	<object>
		<name>Trash</name>
		<pose>Unspecified</pose>
		<truncated>0</truncated>
		<difficult>0</difficult>
		<bndbox>
			<xmin>123</xmin>
			<ymin>448</ymin>
			<xmax>442</xmax>
			<ymax>656</ymax>
		</bndbox>
	</object>
	<object>
		<name>Trash</name>
		<pose>Unspecified</pose>
		<truncated>0</truncated>
		<difficult>0</difficult>
		<bndbox>
			<xmin>566</xmin>
			<ymin>496</ymin>
			<xmax>691</xmax>
			<ymax>559</ymax>
		</bndbox>
	</object>
	<object>
		<name>Trash</name>
		<pose>Unspecified</pose>
		<truncated>0</truncated>
		<difficult>0</difficult>
		<bndbox>
			<xmin>799</xmin>
			<ymin>500</ymin>
			<xmax>928</xmax>
			<ymax>589</ymax>
		</bndbox>
	</object>
</annotation>