<annotation>
	<folder>my-project-name</folder>
	<filename>image_20250419_164413.jpg</filename>
	<path>/my-project-name/image_20250419_164413.jpg</path>
	<source>
		<database>Unspecified</database>
	</source>
	<size>
		<width>1280</width>
		<height>720</height>
		<depth>3</depth>
	</size>
	<object>
		<name>Trash</name>
		<pose>Unspecified</pose>
		<truncated>0</truncated>
		<difficult>0</difficult>
		<bndbox>
			<xmin>2</xmin>
			<ymin>444</ymin>
			<xmax>216</xmax>
			<ymax>604</ymax>
		</bndbox>
	</object>
	<object>
		<name>Trash</name>
		<pose>Unspecified</pose>
		<truncated>0</truncated>
		<difficult>0</difficult>
		<bndbox>
			<xmin>458</xmin>
			<ymin>479</ymin>
			<xmax>663</xmax>
			<ymax>628</ymax>
		</bndbox>
	</object>
	<object>
		<name>Trash</name>
		<pose>Unspecified</pose>
		<truncated>0</truncated>
		<difficult>0</difficult>
		<bndbox>
			<xmin>831</xmin>
			<ymin>502</ymin>
			<xmax>1045</xmax>
			<ymax>610</ymax>
		</bndbox>
	</object>
</annotation>