<annotation>
	<folder>my-project-name</folder>
	<filename>image_20250419_164222.jpg</filename>
	<path>/my-project-name/image_20250419_164222.jpg</path>
	<source>
		<database>Unspecified</database>
	</source>
	<size>
		<width>1280</width>
		<height>720</height>
		<depth>3</depth>
	</size>
	<object>
		<name>Trash</name>
		<pose>Unspecified</pose>
		<truncated>0</truncated>
		<difficult>0</difficult>
		<bndbox>
			<xmin>309</xmin>
			<ymin>500</ymin>
			<xmax>358</xmax>
			<ymax>546</ymax>
		</bndbox>
	</object>
	<object>
		<name>Trash</name>
		<pose>Unspecified</pose>
		<truncated>0</truncated>
		<difficult>0</difficult>
		<bndbox>
			<xmin>477</xmin>
			<ymin>511</ymin>
			<xmax>559</xmax>
			<ymax>556</ymax>
		</bndbox>
	</object>
	<object>
		<name>Trash</name>
		<pose>Unspecified</pose>
		<truncated>0</truncated>
		<difficult>0</difficult>
		<bndbox>
			<xmin>745</xmin>
			<ymin>500</ymin>
			<xmax>991</xmax>
			<ymax>632</ymax>
		</bndbox>
	</object>
</annotation>