<annotation>
	<folder>my-project-name</folder>
	<filename>image_20250419_164102.jpg</filename>
	<path>/my-project-name/image_20250419_164102.jpg</path>
	<source>
		<database>Unspecified</database>
	</source>
	<size>
		<width>1280</width>
		<height>720</height>
		<depth>3</depth>
	</size>
	<object>
		<name>Trash</name>
		<pose>Unspecified</pose>
		<truncated>0</truncated>
		<difficult>0</difficult>
		<bndbox>
			<xmin>499</xmin>
			<ymin>457</ymin>
			<xmax>874</xmax>
			<ymax>667</ymax>
		</bndbox>
	</object>
	<object>
		<name>Trash</name>
		<pose>Unspecified</pose>
		<truncated>0</truncated>
		<difficult>0</difficult>
		<bndbox>
			<xmin>490</xmin>
			<ymin>474</ymin>
			<xmax>509</xmax>
			<ymax>574</ymax>
		</bndbox>
	</object>
</annotation>