<annotation>
	<folder>my-project-name</folder>
	<filename>image_20250419_164303.jpg</filename>
	<path>/my-project-name/image_20250419_164303.jpg</path>
	<source>
		<database>Unspecified</database>
	</source>
	<size>
		<width>1280</width>
		<height>720</height>
		<depth>3</depth>
	</size>
	<object>
		<name>Trash</name>
		<pose>Unspecified</pose>
		<truncated>0</truncated>
		<difficult>0</difficult>
		<bndbox>
			<xmin>125</xmin>
			<ymin>451</ymin>
			<xmax>449</xmax>
			<ymax>654</ymax>
		</bndbox>
	</object>
	<object>
		<name>Trash</name>
		<pose>Unspecified</pose>
		<truncated>0</truncated>
		<difficult>0</difficult>
		<bndbox>
			<xmin>801</xmin>
			<ymin>500</ymin>
			<xmax>930</xmax>
			<ymax>589</ymax>
		</bndbox>
	</object>
</annotation>