<annotation>
	<folder>my-project-name</folder>
	<filename>image_20250419_164403.jpg</filename>
	<path>/my-project-name/image_20250419_164403.jpg</path>
	<source>
		<database>Unspecified</database>
	</source>
	<size>
		<width>1280</width>
		<height>720</height>
		<depth>3</depth>
	</size>
	<object>
		<name>Trash</name>
		<pose>Unspecified</pose>
		<truncated>0</truncated>
		<difficult>0</difficult>
		<bndbox>
			<xmin>2</xmin>
			<ymin>451</ymin>
			<xmax>214</xmax>
			<ymax>604</ymax>
		</bndbox>
	</object>
	<object>
		<name>Trash</name>
		<pose>Unspecified</pose>
		<truncated>0</truncated>
		<difficult>0</difficult>
		<bndbox>
			<xmin>460</xmin>
			<ymin>481</ymin>
			<xmax>658</xmax>
			<ymax>630</ymax>
		</bndbox>
	</object>
	<object>
		<name>Trash</name>
		<pose>Unspecified</pose>
		<truncated>0</truncated>
		<difficult>0</difficult>
		<bndbox>
			<xmin>835</xmin>
			<ymin>500</ymin>
			<xmax>1049</xmax>
			<ymax>608</ymax>
		</bndbox>
	</object>
</annotation>