<annotation>
	<folder>my-project-name</folder>
	<filename>image_20250419_164252.jpg</filename>
	<path>/my-project-name/image_20250419_164252.jpg</path>
	<source>
		<database>Unspecified</database>
	</source>
	<size>
		<width>1280</width>
		<height>720</height>
		<depth>3</depth>
	</size>
	<object>
		<name>Trash</name>
		<pose>Unspecified</pose>
		<truncated>0</truncated>
		<difficult>0</difficult>
		<bndbox>
			<xmin>132</xmin>
			<ymin>448</ymin>
			<xmax>447</xmax>
			<ymax>654</ymax>
		</bndbox>
	</object>
	<object>
		<name>Trash</name>
		<pose>Unspecified</pose>
		<truncated>0</truncated>
		<difficult>0</difficult>
		<bndbox>
			<xmin>984</xmin>
			<ymin>507</ymin>
			<xmax>1252</xmax>
			<ymax>632</ymax>
		</bndbox>
	</object>
</annotation>