<annotation>
	<folder>my-project-name</folder>
	<filename>image_20250419_164047.jpg</filename>
	<path>/my-project-name/image_20250419_164047.jpg</path>
	<source>
		<database>Unspecified</database>
	</source>
	<size>
		<width>1280</width>
		<height>720</height>
		<depth>3</depth>
	</size>
	<object>
		<name>Trash</name>
		<pose>Unspecified</pose>
		<truncated>0</truncated>
		<difficult>0</difficult>
		<bndbox>
			<xmin>879</xmin>
			<ymin>485</ymin>
			<xmax>1077</xmax>
			<ymax>580</ymax>
		</bndbox>
	</object>
</annotation>