<annotation>
	<folder>my-project-name</folder>
	<filename>image_20250419_164117.jpg</filename>
	<path>/my-project-name/image_20250419_164117.jpg</path>
	<source>
		<database>Unspecified</database>
	</source>
	<size>
		<width>1280</width>
		<height>720</height>
		<depth>3</depth>
	</size>
	<object>
		<name>Trash</name>
		<pose>Unspecified</pose>
		<truncated>0</truncated>
		<difficult>0</difficult>
		<bndbox>
			<xmin>246</xmin>
			<ymin>457</ymin>
			<xmax>550</xmax>
			<ymax>634</ymax>
		</bndbox>
	</object>
	<object>
		<name>Trash</name>
		<pose>Unspecified</pose>
		<truncated>0</truncated>
		<difficult>0</difficult>
		<bndbox>
			<xmin>553</xmin>
			<ymin>466</ymin>
			<xmax>922</xmax>
			<ymax>647</ymax>
		</bndbox>
	</object>
</annotation>