<annotation>
	<folder>my-project-name</folder>
	<filename>image_20250419_164328.jpg</filename>
	<path>/my-project-name/image_20250419_164328.jpg</path>
	<source>
		<database>Unspecified</database>
	</source>
	<size>
		<width>1280</width>
		<height>720</height>
		<depth>3</depth>
	</size>
	<object>
		<name>Trash</name>
		<pose>Unspecified</pose>
		<truncated>0</truncated>
		<difficult>0</difficult>
		<bndbox>
			<xmin>460</xmin>
			<ymin>487</ymin>
			<xmax>654</xmax>
			<ymax>625</ymax>
		</bndbox>
	</object>
	<object>
		<name>Trash</name>
		<pose>Unspecified</pose>
		<truncated>0</truncated>
		<difficult>0</difficult>
		<bndbox>
			<xmin>652</xmin>
			<ymin>490</ymin>
			<xmax>695</xmax>
			<ymax>574</ymax>
		</bndbox>
	</object>
</annotation>