<annotation>
	<folder>my-project-name</folder>
	<filename>image_20250419_163956.jpg</filename>
	<path>/my-project-name/image_20250419_163956.jpg</path>
	<source>
		<database>Unspecified</database>
	</source>
	<size>
		<width>1280</width>
		<height>720</height>
		<depth>3</depth>
	</size>
	<object>
		<name>Trash</name>
		<pose>Unspecified</pose>
		<truncated>0</truncated>
		<difficult>0</difficult>
		<bndbox>
			<xmin>577</xmin>
			<ymin>502</ymin>
			<xmax>799</xmax>
			<ymax>630</ymax>
		</bndbox>
	</object>
	<object>
		<name>Trash</name>
		<pose>Unspecified</pose>
		<truncated>0</truncated>
		<difficult>0</difficult>
		<bndbox>
			<xmin>929</xmin>
			<ymin>518</ymin>
			<xmax>1192</xmax>
			<ymax>647</ymax>
		</bndbox>
	</object>
</annotation>