<annotation>
	<folder>my-project-name</folder>
	<filename>image_20250419_154915.jpg</filename>
	<path>/my-project-name/image_20250419_154915.jpg</path>
	<source>
		<database>Unspecified</database>
	</source>
	<size>
		<width>1280</width>
		<height>720</height>
		<depth>3</depth>
	</size>
	<object>
		<name>Trash</name>
		<pose>Unspecified</pose>
		<truncated>0</truncated>
		<difficult>0</difficult>
		<bndbox>
			<xmin>0</xmin>
			<ymin>588</ymin>
			<xmax>165</xmax>
			<ymax>719</ymax>
		</bndbox>
	</object>
	<object>
		<name>Trash</name>
		<pose>Unspecified</pose>
		<truncated>0</truncated>
		<difficult>0</difficult>
		<bndbox>
			<xmin>732</xmin>
			<ymin>474</ymin>
			<xmax>860</xmax>
			<ymax>646</ymax>
		</bndbox>
	</object>
	<object>
		<name>Trash</name>
		<pose>Unspecified</pose>
		<truncated>0</truncated>
		<difficult>0</difficult>
		<bndbox>
			<xmin>817</xmin>
			<ymin>579</ymin>
			<xmax>1026</xmax>
			<ymax>713</ymax>
		</bndbox>
	</object>
</annotation>