<annotation>
	<folder>my-project-name</folder>
	<filename>image_20250419_154418.jpg</filename>
	<path>/my-project-name/image_20250419_154418.jpg</path>
	<source>
		<database>Unspecified</database>
	</source>
	<size>
		<width>1280</width>
		<height>720</height>
		<depth>3</depth>
	</size>
	<object>
		<name>Trash</name>
		<pose>Unspecified</pose>
		<truncated>0</truncated>
		<difficult>0</difficult>
		<bndbox>
			<xmin>28</xmin>
			<ymin>579</ymin>
			<xmax>479</xmax>
			<ymax>720</ymax>
		</bndbox>
	</object>
	<object>
		<name>Trash</name>
		<pose>Unspecified</pose>
		<truncated>0</truncated>
		<difficult>0</difficult>
		<bndbox>
			<xmin>1152</xmin>
			<ymin>548</ymin>
			<xmax>1277</xmax>
			<ymax>646</ymax>
		</bndbox>
	</object>
</annotation>