<annotation>
	<folder>my-project-name</folder>
	<filename>image_20250419_154855.jpg</filename>
	<path>/my-project-name/image_20250419_154855.jpg</path>
	<source>
		<database>Unspecified</database>
	</source>
	<size>
		<width>1280</width>
		<height>720</height>
		<depth>3</depth>
	</size>
	<object>
		<name>Trash</name>
		<pose>Unspecified</pose>
		<truncated>0</truncated>
		<difficult>0</difficult>
		<bndbox>
			<xmin>753</xmin>
			<ymin>547</ymin>
			<xmax>864</xmax>
			<ymax>629</ymax>
		</bndbox>
	</object>
	<object>
		<name>Trash</name>
		<pose>Unspecified</pose>
		<truncated>0</truncated>
		<difficult>0</difficult>
		<bndbox>
			<xmin>803</xmin>
			<ymin>592</ymin>
			<xmax>1026</xmax>
			<ymax>719</ymax>
		</bndbox>
	</object>
</annotation>