<annotation>
	<folder>my-project-name</folder>
	<filename>image_20250419_155106.jpg</filename>
	<path>/my-project-name/image_20250419_155106.jpg</path>
	<source>
		<database>Unspecified</database>
	</source>
	<size>
		<width>1280</width>
		<height>720</height>
		<depth>3</depth>
	</size>
	<object>
		<name>Trash</name>
		<pose>Unspecified</pose>
		<truncated>0</truncated>
		<difficult>0</difficult>
		<bndbox>
			<xmin>148</xmin>
			<ymin>655</ymin>
			<xmax>410</xmax>
			<ymax>720</ymax>
		</bndbox>
	</object>
	<object>
		<name>Trash</name>
		<pose>Unspecified</pose>
		<truncated>0</truncated>
		<difficult>0</difficult>
		<bndbox>
			<xmin>575</xmin>
			<ymin>502</ymin>
			<xmax>700</xmax>
			<ymax>691</ymax>
		</bndbox>
	</object>
</annotation>