<annotation>
	<folder>my-project-name</folder>
	<filename>image_20250419_154257.jpg</filename>
	<path>/my-project-name/image_20250419_154257.jpg</path>
	<source>
		<database>Unspecified</database>
	</source>
	<size>
		<width>1280</width>
		<height>720</height>
		<depth>3</depth>
	</size>
	<object>
		<name>Trash</name>
		<pose>Unspecified</pose>
		<truncated>0</truncated>
		<difficult>0</difficult>
		<bndbox>
			<xmin>348</xmin>
			<ymin>409</ymin>
			<xmax>438</xmax>
			<ymax>462</ymax>
		</bndbox>
	</object>
	<object>
		<name>Trash</name>
		<pose>Unspecified</pose>
		<truncated>0</truncated>
		<difficult>0</difficult>
		<bndbox>
			<xmin>617</xmin>
			<ymin>442</ymin>
			<xmax>733</xmax>
			<ymax>510</ymax>
		</bndbox>
	</object>
	<object>
		<name>Trash</name>
		<pose>Unspecified</pose>
		<truncated>0</truncated>
		<difficult>0</difficult>
		<bndbox>
			<xmin>861</xmin>
			<ymin>424</ymin>
			<xmax>975</xmax>
			<ymax>478</ymax>
		</bndbox>
	</object>
</annotation>