<annotation>
	<folder>my-project-name</folder>
	<filename>image_20250419_154252.jpg</filename>
	<path>/my-project-name/image_20250419_154252.jpg</path>
	<source>
		<database>Unspecified</database>
	</source>
	<size>
		<width>1280</width>
		<height>720</height>
		<depth>3</depth>
	</size>
	<object>
		<name>Trash</name>
		<pose>Unspecified</pose>
		<truncated>0</truncated>
		<difficult>0</difficult>
		<bndbox>
			<xmin>351</xmin>
			<ymin>408</ymin>
			<xmax>435</xmax>
			<ymax>460</ymax>
		</bndbox>
	</object>
	<object>
		<name>Trash</name>
		<pose>Unspecified</pose>
		<truncated>0</truncated>
		<difficult>0</difficult>
		<bndbox>
			<xmin>617</xmin>
			<ymin>442</ymin>
			<xmax>733</xmax>
			<ymax>510</ymax>
		</bndbox>
	</object>
	<object>
		<name>Trash</name>
		<pose>Unspecified</pose>
		<truncated>0</truncated>
		<difficult>0</difficult>
		<bndbox>
			<xmin>865</xmin>
			<ymin>425</ymin>
			<xmax>973</xmax>
			<ymax>478</ymax>
		</bndbox>
	</object>
</annotation>