<annotation>
	<folder>my-project-name</folder>
	<filename>image_20250419_154814.jpg</filename>
	<path>/my-project-name/image_20250419_154814.jpg</path>
	<source>
		<database>Unspecified</database>
	</source>
	<size>
		<width>1280</width>
		<height>720</height>
		<depth>3</depth>
	</size>
	<object>
		<name>Trash</name>
		<pose>Unspecified</pose>
		<truncated>0</truncated>
		<difficult>0</difficult>
		<bndbox>
			<xmin>3</xmin>
			<ymin>592</ymin>
			<xmax>195</xmax>
			<ymax>720</ymax>
		</bndbox>
	</object>
	<object>
		<name>Trash</name>
		<pose>Unspecified</pose>
		<truncated>0</truncated>
		<difficult>0</difficult>
		<bndbox>
			<xmin>704</xmin>
			<ymin>563</ymin>
			<xmax>884</xmax>
			<ymax>670</ymax>
		</bndbox>
	</object>
	<object>
		<name>Trash</name>
		<pose>Unspecified</pose>
		<truncated>0</truncated>
		<difficult>0</difficult>
		<bndbox>
			<xmin>800</xmin>
			<ymin>585</ymin>
			<xmax>1020</xmax>
			<ymax>720</ymax>
		</bndbox>
	</object>
</annotation>