<annotation>
	<folder>my-project-name</folder>
	<filename>image_20250419_154242.jpg</filename>
	<path>/my-project-name/image_20250419_154242.jpg</path>
	<source>
		<database>Unspecified</database>
	</source>
	<size>
		<width>1280</width>
		<height>720</height>
		<depth>3</depth>
	</size>
	<object>
		<name>Trash</name>
		<pose>Unspecified</pose>
		<truncated>0</truncated>
		<difficult>0</difficult>
		<bndbox>
			<xmin>349</xmin>
			<ymin>406</ymin>
			<xmax>438</xmax>
			<ymax>463</ymax>
		</bndbox>
	</object>
	<object>
		<name>Trash</name>
		<pose>Unspecified</pose>
		<truncated>0</truncated>
		<difficult>0</difficult>
		<bndbox>
			<xmin>617</xmin>
			<ymin>442</ymin>
			<xmax>735</xmax>
			<ymax>509</ymax>
		</bndbox>
	</object>
	<object>
		<name>Trash</name>
		<pose>Unspecified</pose>
		<truncated>0</truncated>
		<difficult>0</difficult>
		<bndbox>
			<xmin>864</xmin>
			<ymin>428</ymin>
			<xmax>976</xmax>
			<ymax>478</ymax>
		</bndbox>
	</object>
</annotation>