<annotation>
	<folder>my-project-name</folder>
	<filename>image_20250419_154905.jpg</filename>
	<path>/my-project-name/image_20250419_154905.jpg</path>
	<source>
		<database>Unspecified</database>
	</source>
	<size>
		<width>1280</width>
		<height>720</height>
		<depth>3</depth>
	</size>
	<object>
		<name>Trash</name>
		<pose>Unspecified</pose>
		<truncated>0</truncated>
		<difficult>0</difficult>
		<bndbox>
			<xmin>0</xmin>
			<ymin>591</ymin>
			<xmax>157</xmax>
			<ymax>720</ymax>
		</bndbox>
	</object>
	<object>
		<name>Trash</name>
		<pose>Unspecified</pose>
		<truncated>0</truncated>
		<difficult>0</difficult>
		<bndbox>
			<xmin>726</xmin>
			<ymin>463</ymin>
			<xmax>849</xmax>
			<ymax>646</ymax>
		</bndbox>
	</object>
	<object>
		<name>Trash</name>
		<pose>Unspecified</pose>
		<truncated>0</truncated>
		<difficult>0</difficult>
		<bndbox>
			<xmin>816</xmin>
			<ymin>583</ymin>
			<xmax>1030</xmax>
			<ymax>708</ymax>
		</bndbox>
	</object>
</annotation>