<annotation>
	<folder>my-project-name</folder>
	<filename>image_20250419_155111.jpg</filename>
	<path>/my-project-name/image_20250419_155111.jpg</path>
	<source>
		<database>Unspecified</database>
	</source>
	<size>
		<width>1280</width>
		<height>720</height>
		<depth>3</depth>
	</size>
	<object>
		<name>Trash</name>
		<pose>Unspecified</pose>
		<truncated>0</truncated>
		<difficult>0</difficult>
		<bndbox>
			<xmin>148</xmin>
			<ymin>658</ymin>
			<xmax>412</xmax>
			<ymax>714</ymax>
		</bndbox>
	</object>
	<object>
		<name>Trash</name>
		<pose>Unspecified</pose>
		<truncated>0</truncated>
		<difficult>0</difficult>
		<bndbox>
			<xmin>576</xmin>
			<ymin>507</ymin>
			<xmax>701</xmax>
			<ymax>691</ymax>
		</bndbox>
	</object>
</annotation>