<annotation>
	<folder>my-project-name</folder>
	<filename>image_20250419_154820.jpg</filename>
	<path>/my-project-name/image_20250419_154820.jpg</path>
	<source>
		<database>Unspecified</database>
	</source>
	<size>
		<width>1280</width>
		<height>720</height>
		<depth>3</depth>
	</size>
	<object>
		<name>Trash</name>
		<pose>Unspecified</pose>
		<truncated>0</truncated>
		<difficult>0</difficult>
		<bndbox>
			<xmin>3</xmin>
			<ymin>589</ymin>
			<xmax>195</xmax>
			<ymax>720</ymax>
		</bndbox>
	</object>
	<object>
		<name>Trash</name>
		<pose>Unspecified</pose>
		<truncated>0</truncated>
		<difficult>0</difficult>
		<bndbox>
			<xmin>706</xmin>
			<ymin>565</ymin>
			<xmax>886</xmax>
			<ymax>672</ymax>
		</bndbox>
	</object>
	<object>
		<name>Trash</name>
		<pose>Unspecified</pose>
		<truncated>0</truncated>
		<difficult>0</difficult>
		<bndbox>
			<xmin>794</xmin>
			<ymin>586</ymin>
			<xmax>1020</xmax>
			<ymax>714</ymax>
		</bndbox>
	</object>
</annotation>