<annotation>
	<folder>my-project-name</folder>
	<filename>image_20250419_155020.jpg</filename>
	<path>/my-project-name/image_20250419_155020.jpg</path>
	<source>
		<database>Unspecified</database>
	</source>
	<size>
		<width>1280</width>
		<height>720</height>
		<depth>3</depth>
	</size>
	<object>
		<name>Trash</name>
		<pose>Unspecified</pose>
		<truncated>0</truncated>
		<difficult>0</difficult>
		<bndbox>
			<xmin>151</xmin>
			<ymin>638</ymin>
			<xmax>418</xmax>
			<ymax>720</ymax>
		</bndbox>
	</object>
	<object>
		<name>Trash</name>
		<pose>Unspecified</pose>
		<truncated>0</truncated>
		<difficult>0</difficult>
		<bndbox>
			<xmin>579</xmin>
			<ymin>478</ymin>
			<xmax>706</xmax>
			<ymax>666</ymax>
		</bndbox>
	</object>
</annotation>