<annotation>
	<folder>my-project-name</folder>
	<filename>image_20250419_154809.jpg</filename>
	<path>/my-project-name/image_20250419_154809.jpg</path>
	<source>
		<database>Unspecified</database>
	</source>
	<size>
		<width>1280</width>
		<height>720</height>
		<depth>3</depth>
	</size>
	<object>
		<name>Trash</name>
		<pose>Unspecified</pose>
		<truncated>0</truncated>
		<difficult>0</difficult>
		<bndbox>
			<xmin>2</xmin>
			<ymin>588</ymin>
			<xmax>194</xmax>
			<ymax>719</ymax>
		</bndbox>
	</object>
	<object>
		<name>Trash</name>
		<pose>Unspecified</pose>
		<truncated>0</truncated>
		<difficult>0</difficult>
		<bndbox>
			<xmin>707</xmin>
			<ymin>565</ymin>
			<xmax>878</xmax>
			<ymax>675</ymax>
		</bndbox>
	</object>
	<object>
		<name>Trash</name>
		<pose>Unspecified</pose>
		<truncated>0</truncated>
		<difficult>0</difficult>
		<bndbox>
			<xmin>790</xmin>
			<ymin>591</ymin>
			<xmax>1021</xmax>
			<ymax>720</ymax>
		</bndbox>
	</object>
</annotation>