<annotation>
	<folder>my-project-name</folder>
	<filename>image_20250419_154217.jpg</filename>
	<path>/my-project-name/image_20250419_154217.jpg</path>
	<source>
		<database>Unspecified</database>
	</source>
	<size>
		<width>1280</width>
		<height>720</height>
		<depth>3</depth>
	</size>
	<object>
		<name>Trash</name>
		<pose>Unspecified</pose>
		<truncated>0</truncated>
		<difficult>0</difficult>
		<bndbox>
			<xmin>393</xmin>
			<ymin>688</ymin>
			<xmax>500</xmax>
			<ymax>720</ymax>
		</bndbox>
	</object>
	<object>
		<name>Trash</name>
		<pose>Unspecified</pose>
		<truncated>0</truncated>
		<difficult>0</difficult>
		<bndbox>
			<xmin>905</xmin>
			<ymin>705</ymin>
			<xmax>1026</xmax>
			<ymax>720</ymax>
		</bndbox>
	</object>
</annotation>