<annotation>
	<folder>my-project-name</folder>
	<filename>image_20250419_155015.jpg</filename>
	<path>/my-project-name/image_20250419_155015.jpg</path>
	<source>
		<database>Unspecified</database>
	</source>
	<size>
		<width>1280</width>
		<height>720</height>
		<depth>3</depth>
	</size>
	<object>
		<name>Trash</name>
		<pose>Unspecified</pose>
		<truncated>0</truncated>
		<difficult>0</difficult>
		<bndbox>
			<xmin>147</xmin>
			<ymin>624</ymin>
			<xmax>415</xmax>
			<ymax>716</ymax>
		</bndbox>
	</object>
	<object>
		<name>Trash</name>
		<pose>Unspecified</pose>
		<truncated>0</truncated>
		<difficult>0</difficult>
		<bndbox>
			<xmin>573</xmin>
			<ymin>475</ymin>
			<xmax>697</xmax>
			<ymax>664</ymax>
		</bndbox>
	</object>
</annotation>