<annotation>
	<folder>my-project-name</folder>
	<filename>image_20250419_154403.jpg</filename>
	<path>/my-project-name/image_20250419_154403.jpg</path>
	<source>
		<database>Unspecified</database>
	</source>
	<size>
		<width>1280</width>
		<height>720</height>
		<depth>3</depth>
	</size>
	<object>
		<name>Trash</name>
		<pose>Unspecified</pose>
		<truncated>0</truncated>
		<difficult>0</difficult>
		<bndbox>
			<xmin>282</xmin>
			<ymin>621</ymin>
			<xmax>695</xmax>
			<ymax>720</ymax>
		</bndbox>
	</object>
	<object>
		<name>Trash</name>
		<pose>Unspecified</pose>
		<truncated>0</truncated>
		<difficult>0</difficult>
		<bndbox>
			<xmin>976</xmin>
			<ymin>551</ymin>
			<xmax>1274</xmax>
			<ymax>720</ymax>
		</bndbox>
	</object>
</annotation>