<annotation>
	<folder>my-project-name</folder>
	<filename>image_20250419_154910.jpg</filename>
	<path>/my-project-name/image_20250419_154910.jpg</path>
	<source>
		<database>Unspecified</database>
	</source>
	<size>
		<width>1280</width>
		<height>720</height>
		<depth>3</depth>
	</size>
	<object>
		<name>Trash</name>
		<pose>Unspecified</pose>
		<truncated>0</truncated>
		<difficult>0</difficult>
		<bndbox>
			<xmin>0</xmin>
			<ymin>585</ymin>
			<xmax>160</xmax>
			<ymax>720</ymax>
		</bndbox>
	</object>
	<object>
		<name>Trash</name>
		<pose>Unspecified</pose>
		<truncated>0</truncated>
		<difficult>0</difficult>
		<bndbox>
			<xmin>732</xmin>
			<ymin>466</ymin>
			<xmax>864</xmax>
			<ymax>658</ymax>
		</bndbox>
	</object>
	<object>
		<name>Trash</name>
		<pose>Unspecified</pose>
		<truncated>0</truncated>
		<difficult>0</difficult>
		<bndbox>
			<xmin>820</xmin>
			<ymin>583</ymin>
			<xmax>1029</xmax>
			<ymax>711</ymax>
		</bndbox>
	</object>
</annotation>