<annotation>
	<folder>my-project-name</folder>
	<filename>image_20250419_154950.jpg</filename>
	<path>/my-project-name/image_20250419_154950.jpg</path>
	<source>
		<database>Unspecified</database>
	</source>
	<size>
		<width>1280</width>
		<height>720</height>
		<depth>3</depth>
	</size>
	<object>
		<name>Trash</name>
		<pose>Unspecified</pose>
		<truncated>0</truncated>
		<difficult>0</difficult>
		<bndbox>
			<xmin>2</xmin>
			<ymin>595</ymin>
			<xmax>156</xmax>
			<ymax>720</ymax>
		</bndbox>
	</object>
</annotation>