<annotation>
	<folder>my-project-name</folder>
	<filename>image_20250419_154850.jpg</filename>
	<path>/my-project-name/image_20250419_154850.jpg</path>
	<source>
		<database>Unspecified</database>
	</source>
	<size>
		<width>1280</width>
		<height>720</height>
		<depth>3</depth>
	</size>
	<object>
		<name>Trash</name>
		<pose>Unspecified</pose>
		<truncated>0</truncated>
		<difficult>0</difficult>
		<bndbox>
			<xmin>701</xmin>
			<ymin>557</ymin>
			<xmax>878</xmax>
			<ymax>670</ymax>
		</bndbox>
	</object>
	<object>
		<name>Trash</name>
		<pose>Unspecified</pose>
		<truncated>0</truncated>
		<difficult>0</difficult>
		<bndbox>
			<xmin>785</xmin>
			<ymin>589</ymin>
			<xmax>1018</xmax>
			<ymax>719</ymax>
		</bndbox>
	</object>
</annotation>