<annotation>
	<folder>my-project-name</folder>
	<filename>image_20250419_154237.jpg</filename>
	<path>/my-project-name/image_20250419_154237.jpg</path>
	<source>
		<database>Unspecified</database>
	</source>
	<size>
		<width>1280</width>
		<height>720</height>
		<depth>3</depth>
	</size>
	<object>
		<name>Trash</name>
		<pose>Unspecified</pose>
		<truncated>0</truncated>
		<difficult>0</difficult>
		<bndbox>
			<xmin>349</xmin>
			<ymin>408</ymin>
			<xmax>439</xmax>
			<ymax>463</ymax>
		</bndbox>
	</object>
	<object>
		<name>Trash</name>
		<pose>Unspecified</pose>
		<truncated>0</truncated>
		<difficult>0</difficult>
		<bndbox>
			<xmin>616</xmin>
			<ymin>440</ymin>
			<xmax>734</xmax>
			<ymax>509</ymax>
		</bndbox>
	</object>
	<object>
		<name>Trash</name>
		<pose>Unspecified</pose>
		<truncated>0</truncated>
		<difficult>0</difficult>
		<bndbox>
			<xmin>863</xmin>
			<ymin>425</ymin>
			<xmax>974</xmax>
			<ymax>477</ymax>
		</bndbox>
	</object>
</annotation>