<annotation>
	<folder>my-project-name</folder>
	<filename>image_20250419_154247.jpg</filename>
	<path>/my-project-name/image_20250419_154247.jpg</path>
	<source>
		<database>Unspecified</database>
	</source>
	<size>
		<width>1280</width>
		<height>720</height>
		<depth>3</depth>
	</size>
	<object>
		<name>Trash</name>
		<pose>Unspecified</pose>
		<truncated>0</truncated>
		<difficult>0</difficult>
		<bndbox>
			<xmin>350</xmin>
			<ymin>406</ymin>
			<xmax>437</xmax>
			<ymax>462</ymax>
		</bndbox>
	</object>
	<object>
		<name>Trash</name>
		<pose>Unspecified</pose>
		<truncated>0</truncated>
		<difficult>0</difficult>
		<bndbox>
			<xmin>616</xmin>
			<ymin>441</ymin>
			<xmax>732</xmax>
			<ymax>509</ymax>
		</bndbox>
	</object>
	<object>
		<name>Trash</name>
		<pose>Unspecified</pose>
		<truncated>0</truncated>
		<difficult>0</difficult>
		<bndbox>
			<xmin>862</xmin>
			<ymin>425</ymin>
			<xmax>973</xmax>
			<ymax>477</ymax>
		</bndbox>
	</object>
</annotation>