<annotation>
	<folder>my-project-name</folder>
	<filename>image_20250419_154925.jpg</filename>
	<path>/my-project-name/image_20250419_154925.jpg</path>
	<source>
		<database>Unspecified</database>
	</source>
	<size>
		<width>1280</width>
		<height>720</height>
		<depth>3</depth>
	</size>
	<object>
		<name>Trash</name>
		<pose>Unspecified</pose>
		<truncated>0</truncated>
		<difficult>0</difficult>
		<bndbox>
			<xmin>0</xmin>
			<ymin>591</ymin>
			<xmax>159</xmax>
			<ymax>716</ymax>
		</bndbox>
	</object>
	<object>
		<name>Trash</name>
		<pose>Unspecified</pose>
		<truncated>0</truncated>
		<difficult>0</difficult>
		<bndbox>
			<xmin>738</xmin>
			<ymin>469</ymin>
			<xmax>858</xmax>
			<ymax>646</ymax>
		</bndbox>
	</object>
	<object>
		<name>Trash</name>
		<pose>Unspecified</pose>
		<truncated>0</truncated>
		<difficult>0</difficult>
		<bndbox>
			<xmin>817</xmin>
			<ymin>585</ymin>
			<xmax>1024</xmax>
			<ymax>713</ymax>
		</bndbox>
	</object>
</annotation>