<annotation>
	<folder>my-project-name</folder>
	<filename>image_20250419_154619.jpg</filename>
	<path>/my-project-name/image_20250419_154619.jpg</path>
	<source>
		<database>Unspecified</database>
	</source>
	<size>
		<width>1280</width>
		<height>720</height>
		<depth>3</depth>
	</size>
	<object>
		<name>Trash</name>
		<pose>Unspecified</pose>
		<truncated>0</truncated>
		<difficult>0</difficult>
		<bndbox>
			<xmin>66</xmin>
			<ymin>588</ymin>
			<xmax>509</xmax>
			<ymax>720</ymax>
		</bndbox>
	</object>
	<object>
		<name>Trash</name>
		<pose>Unspecified</pose>
		<truncated>0</truncated>
		<difficult>0</difficult>
		<bndbox>
			<xmin>1041</xmin>
			<ymin>493</ymin>
			<xmax>1280</xmax>
			<ymax>655</ymax>
		</bndbox>
	</object>
</annotation>