<annotation>
	<folder>my-project-name</folder>
	<filename>image_20250419_154930.jpg</filename>
	<path>/my-project-name/image_20250419_154930.jpg</path>
	<source>
		<database>Unspecified</database>
	</source>
	<size>
		<width>1280</width>
		<height>720</height>
		<depth>3</depth>
	</size>
	<object>
		<name>Trash</name>
		<pose>Unspecified</pose>
		<truncated>0</truncated>
		<difficult>0</difficult>
		<bndbox>
			<xmin>0</xmin>
			<ymin>591</ymin>
			<xmax>162</xmax>
			<ymax>719</ymax>
		</bndbox>
	</object>
	<object>
		<name>Trash</name>
		<pose>Unspecified</pose>
		<truncated>0</truncated>
		<difficult>0</difficult>
		<bndbox>
			<xmin>736</xmin>
			<ymin>470</ymin>
			<xmax>860</xmax>
			<ymax>643</ymax>
		</bndbox>
	</object>
	<object>
		<name>Trash</name>
		<pose>Unspecified</pose>
		<truncated>0</truncated>
		<difficult>0</difficult>
		<bndbox>
			<xmin>823</xmin>
			<ymin>583</ymin>
			<xmax>1015</xmax>
			<ymax>707</ymax>
		</bndbox>
	</object>
</annotation>