<annotation>
	<folder>my-project-name</folder>
	<filename>image_20250419_155035.jpg</filename>
	<path>/my-project-name/image_20250419_155035.jpg</path>
	<source>
		<database>Unspecified</database>
	</source>
	<size>
		<width>1280</width>
		<height>720</height>
		<depth>3</depth>
	</size>
	<object>
		<name>Trash</name>
		<pose>Unspecified</pose>
		<truncated>0</truncated>
		<difficult>0</difficult>
		<bndbox>
			<xmin>154</xmin>
			<ymin>643</ymin>
			<xmax>416</xmax>
			<ymax>720</ymax>
		</bndbox>
	</object>
	<object>
		<name>Trash</name>
		<pose>Unspecified</pose>
		<truncated>0</truncated>
		<difficult>0</difficult>
		<bndbox>
			<xmin>582</xmin>
			<ymin>492</ymin>
			<xmax>704</xmax>
			<ymax>676</ymax>
		</bndbox>
	</object>
</annotation>