<annotation>
	<folder>my-project-name</folder>
	<filename>image_20250419_154307.jpg</filename>
	<path>/my-project-name/image_20250419_154307.jpg</path>
	<source>
		<database>Unspecified</database>
	</source>
	<size>
		<width>1280</width>
		<height>720</height>
		<depth>3</depth>
	</size>
	<object>
		<name>Trash</name>
		<pose>Unspecified</pose>
		<truncated>0</truncated>
		<difficult>0</difficult>
		<bndbox>
			<xmin>863</xmin>
			<ymin>429</ymin>
			<xmax>974</xmax>
			<ymax>476</ymax>
		</bndbox>
	</object>
	<object>
		<name>Trash</name>
		<pose>Unspecified</pose>
		<truncated>0</truncated>
		<difficult>0</difficult>
		<bndbox>
			<xmin>270</xmin>
			<ymin>626</ymin>
			<xmax>628</xmax>
			<ymax>720</ymax>
		</bndbox>
	</object>
</annotation>