<annotation>
	<folder>my-project-name</folder>
	<filename>image_20250419_154232.jpg</filename>
	<path>/my-project-name/image_20250419_154232.jpg</path>
	<source>
		<database>Unspecified</database>
	</source>
	<size>
		<width>1280</width>
		<height>720</height>
		<depth>3</depth>
	</size>
	<object>
		<name>Trash</name>
		<pose>Unspecified</pose>
		<truncated>0</truncated>
		<difficult>0</difficult>
		<bndbox>
			<xmin>348</xmin>
			<ymin>405</ymin>
			<xmax>438</xmax>
			<ymax>461</ymax>
		</bndbox>
	</object>
	<object>
		<name>Trash</name>
		<pose>Unspecified</pose>
		<truncated>0</truncated>
		<difficult>0</difficult>
		<bndbox>
			<xmin>620</xmin>
			<ymin>441</ymin>
			<xmax>730</xmax>
			<ymax>510</ymax>
		</bndbox>
	</object>
	<object>
		<name>Trash</name>
		<pose>Unspecified</pose>
		<truncated>0</truncated>
		<difficult>0</difficult>
		<bndbox>
			<xmin>860</xmin>
			<ymin>424</ymin>
			<xmax>971</xmax>
			<ymax>476</ymax>
		</bndbox>
	</object>
</annotation>