<annotation>
	<folder>my-project-name</folder>
	<filename>image_20250419_164955.jpg</filename>
	<path>/my-project-name/image_20250419_164955.jpg</path>
	<source>
		<database>Unspecified</database>
	</source>
	<size>
		<width>1280</width>
		<height>720</height>
		<depth>3</depth>
	</size>
	<object>
		<name>Trash</name>
		<pose>Unspecified</pose>
		<truncated>0</truncated>
		<difficult>0</difficult>
		<bndbox>
			<xmin>585</xmin>
			<ymin>518</ymin>
			<xmax>688</xmax>
			<ymax>570</ymax>
		</bndbox>
	</object>
	<object>
		<name>Trash</name>
		<pose>Unspecified</pose>
		<truncated>0</truncated>
		<difficult>0</difficult>
		<bndbox>
			<xmin>718</xmin>
			<ymin>527</ymin>
			<xmax>799</xmax>
			<ymax>560</ymax>
		</bndbox>
	</object>
	<object>
		<name>Trash</name>
		<pose>Unspecified</pose>
		<truncated>0</truncated>
		<difficult>0</difficult>
		<bndbox>
			<xmin>1201</xmin>
			<ymin>550</ymin>
			<xmax>1280</xmax>
			<ymax>607</ymax>
		</bndbox>
	</object>
</annotation>