<annotation>
	<folder>my-project-name</folder>
	<filename>image_20250419_164659.jpg</filename>
	<path>/my-project-name/image_20250419_164659.jpg</path>
	<source>
		<database>Unspecified</database>
	</source>
	<size>
		<width>1280</width>
		<height>720</height>
		<depth>3</depth>
	</size>
	<object>
		<name>Trash</name>
		<pose>Unspecified</pose>
		<truncated>0</truncated>
		<difficult>0</difficult>
		<bndbox>
			<xmin>687</xmin>
			<ymin>503</ymin>
			<xmax>864</xmax>
			<ymax>583</ymax>
		</bndbox>
	</object>
	<object>
		<name>Trash</name>
		<pose>Unspecified</pose>
		<truncated>0</truncated>
		<difficult>0</difficult>
		<bndbox>
			<xmin>0</xmin>
			<ymin>473</ymin>
			<xmax>133</xmax>
			<ymax>530</ymax>
		</bndbox>
	</object>
	<object>
		<name>Trash</name>
		<pose>Unspecified</pose>
		<truncated>0</truncated>
		<difficult>0</difficult>
		<bndbox>
			<xmin>149</xmin>
			<ymin>494</ymin>
			<xmax>198</xmax>
			<ymax>512</ymax>
		</bndbox>
	</object>
</annotation>