<annotation>
	<folder>my-project-name</folder>
	<filename>image_20250419_165211.jpg</filename>
	<path>/my-project-name/image_20250419_165211.jpg</path>
	<source>
		<database>Unspecified</database>
	</source>
	<size>
		<width>1280</width>
		<height>720</height>
		<depth>3</depth>
	</size>
	<object>
		<name>Trash</name>
		<pose>Unspecified</pose>
		<truncated>0</truncated>
		<difficult>0</difficult>
		<bndbox>
			<xmin>953</xmin>
			<ymin>539</ymin>
			<xmax>972</xmax>
			<ymax>555</ymax>
		</bndbox>
	</object>
	<object>
		<name>Trash</name>
		<pose>Unspecified</pose>
		<truncated>0</truncated>
		<difficult>0</difficult>
		<bndbox>
			<xmin>983</xmin>
			<ymin>539</ymin>
			<xmax>1025</xmax>
			<ymax>560</ymax>
		</bndbox>
	</object>
	<object>
		<name>Trash</name>
		<pose>Unspecified</pose>
		<truncated>0</truncated>
		<difficult>0</difficult>
		<bndbox>
			<xmin>590</xmin>
			<ymin>519</ymin>
			<xmax>617</xmax>
			<ymax>537</ymax>
		</bndbox>
	</object>
</annotation>