<annotation>
	<folder>my-project-name</folder>
	<filename>image_20250419_165131.jpg</filename>
	<path>/my-project-name/image_20250419_165131.jpg</path>
	<source>
		<database>Unspecified</database>
	</source>
	<size>
		<width>1280</width>
		<height>720</height>
		<depth>3</depth>
	</size>
	<object>
		<name>Trash</name>
		<pose>Unspecified</pose>
		<truncated>0</truncated>
		<difficult>0</difficult>
		<bndbox>
			<xmin>470</xmin>
			<ymin>522</ymin>
			<xmax>482</xmax>
			<ymax>533</ymax>
		</bndbox>
	</object>
	<object>
		<name>Trash</name>
		<pose>Unspecified</pose>
		<truncated>0</truncated>
		<difficult>0</difficult>
		<bndbox>
			<xmin>491</xmin>
			<ymin>526</ymin>
			<xmax>544</xmax>
			<ymax>546</ymax>
		</bndbox>
	</object>
</annotation>