<annotation>
	<folder>my-project-name</folder>
	<filename>image_20250419_165156.jpg</filename>
	<path>/my-project-name/image_20250419_165156.jpg</path>
	<source>
		<database>Unspecified</database>
	</source>
	<size>
		<width>1280</width>
		<height>720</height>
		<depth>3</depth>
	</size>
	<object>
		<name>Trash</name>
		<pose>Unspecified</pose>
		<truncated>0</truncated>
		<difficult>0</difficult>
		<bndbox>
			<xmin>905</xmin>
			<ymin>529</ymin>
			<xmax>924</xmax>
			<ymax>545</ymax>
		</bndbox>
	</object>
	<object>
		<name>Trash</name>
		<pose>Unspecified</pose>
		<truncated>0</truncated>
		<difficult>0</difficult>
		<bndbox>
			<xmin>1148</xmin>
			<ymin>540</ymin>
			<xmax>1166</xmax>
			<ymax>554</ymax>
		</bndbox>
	</object>
	<object>
		<name>Trash</name>
		<pose>Unspecified</pose>
		<truncated>0</truncated>
		<difficult>0</difficult>
		<bndbox>
			<xmin>1169</xmin>
			<ymin>543</ymin>
			<xmax>1183</xmax>
			<ymax>553</ymax>
		</bndbox>
	</object>
</annotation>