<annotation>
	<folder>my-project-name</folder>
	<filename>image_20250419_165111.jpg</filename>
	<path>/my-project-name/image_20250419_165111.jpg</path>
	<source>
		<database>Unspecified</database>
	</source>
	<size>
		<width>1280</width>
		<height>720</height>
		<depth>3</depth>
	</size>
	<object>
		<name>Trash</name>
		<pose>Unspecified</pose>
		<truncated>0</truncated>
		<difficult>0</difficult>
		<bndbox>
			<xmin>778</xmin>
			<ymin>518</ymin>
			<xmax>811</xmax>
			<ymax>561</ymax>
		</bndbox>
	</object>
	<object>
		<name>Trash</name>
		<pose>Unspecified</pose>
		<truncated>0</truncated>
		<difficult>0</difficult>
		<bndbox>
			<xmin>270</xmin>
			<ymin>513</ymin>
			<xmax>364</xmax>
			<ymax>554</ymax>
		</bndbox>
	</object>
	<object>
		<name>Trash</name>
		<pose>Unspecified</pose>
		<truncated>0</truncated>
		<difficult>0</difficult>
		<bndbox>
			<xmin>432</xmin>
			<ymin>521</ymin>
			<xmax>478</xmax>
			<ymax>542</ymax>
		</bndbox>
	</object>
</annotation>