<annotation>
	<folder>my-project-name</folder>
	<filename>image_20250419_164714.jpg</filename>
	<path>/my-project-name/image_20250419_164714.jpg</path>
	<source>
		<database>Unspecified</database>
	</source>
	<size>
		<width>1280</width>
		<height>720</height>
		<depth>3</depth>
	</size>
	<object>
		<name>Trash</name>
		<pose>Unspecified</pose>
		<truncated>0</truncated>
		<difficult>0</difficult>
		<bndbox>
			<xmin>538</xmin>
			<ymin>500</ymin>
			<xmax>865</xmax>
			<ymax>662</ymax>
		</bndbox>
	</object>
	<object>
		<name>Trash</name>
		<pose>Unspecified</pose>
		<truncated>0</truncated>
		<difficult>0</difficult>
		<bndbox>
			<xmin>926</xmin>
			<ymin>535</ymin>
			<xmax>992</xmax>
			<ymax>566</ymax>
		</bndbox>
	</object>
</annotation>