<annotation>
	<folder>my-project-name</folder>
	<filename>image_20250419_165010.jpg</filename>
	<path>/my-project-name/image_20250419_165010.jpg</path>
	<source>
		<database>Unspecified</database>
	</source>
	<size>
		<width>1280</width>
		<height>720</height>
		<depth>3</depth>
	</size>
	<object>
		<name>Trash</name>
		<pose>Unspecified</pose>
		<truncated>0</truncated>
		<difficult>0</difficult>
		<bndbox>
			<xmin>129</xmin>
			<ymin>505</ymin>
			<xmax>207</xmax>
			<ymax>534</ymax>
		</bndbox>
	</object>
	<object>
		<name>Trash</name>
		<pose>Unspecified</pose>
		<truncated>0</truncated>
		<difficult>0</difficult>
		<bndbox>
			<xmin>681</xmin>
			<ymin>524</ymin>
			<xmax>758</xmax>
			<ymax>556</ymax>
		</bndbox>
	</object>
</annotation>