<annotation>
	<folder>my-project-name</folder>
	<filename>image_20250419_165000.jpg</filename>
	<path>/my-project-name/image_20250419_165000.jpg</path>
	<source>
		<database>Unspecified</database>
	</source>
	<size>
		<width>1280</width>
		<height>720</height>
		<depth>3</depth>
	</size>
	<object>
		<name>Trash</name>
		<pose>Unspecified</pose>
		<truncated>0</truncated>
		<difficult>0</difficult>
		<bndbox>
			<xmin>711</xmin>
			<ymin>524</ymin>
			<xmax>798</xmax>
			<ymax>562</ymax>
		</bndbox>
	</object>
	<object>
		<name>Trash</name>
		<pose>Unspecified</pose>
		<truncated>0</truncated>
		<difficult>0</difficult>
		<bndbox>
			<xmin>815</xmin>
			<ymin>528</ymin>
			<xmax>934</xmax>
			<ymax>575</ymax>
		</bndbox>
	</object>
	<object>
		<name>Trash</name>
		<pose>Unspecified</pose>
		<truncated>0</truncated>
		<difficult>0</difficult>
		<bndbox>
			<xmin>1207</xmin>
			<ymin>551</ymin>
			<xmax>1280</xmax>
			<ymax>608</ymax>
		</bndbox>
	</object>
</annotation>