<annotation>
	<folder>my-project-name</folder>
	<filename>image_20250419_164614.jpg</filename>
	<path>/my-project-name/image_20250419_164614.jpg</path>
	<source>
		<database>Unspecified</database>
	</source>
	<size>
		<width>1280</width>
		<height>720</height>
		<depth>3</depth>
	</size>
	<object>
		<name>Trash</name>
		<pose>Unspecified</pose>
		<truncated>0</truncated>
		<difficult>0</difficult>
		<bndbox>
			<xmin>607</xmin>
			<ymin>507</ymin>
			<xmax>667</xmax>
			<ymax>544</ymax>
		</bndbox>
	</object>
	<object>
		<name>Trash</name>
		<pose>Unspecified</pose>
		<truncated>0</truncated>
		<difficult>0</difficult>
		<bndbox>
			<xmin>154</xmin>
			<ymin>484</ymin>
			<xmax>177</xmax>
			<ymax>516</ymax>
		</bndbox>
	</object>
</annotation>