<annotation>
	<folder>my-project-name</folder>
	<filename>image_20250419_164624.jpg</filename>
	<path>/my-project-name/image_20250419_164624.jpg</path>
	<source>
		<database>Unspecified</database>
	</source>
	<size>
		<width>1280</width>
		<height>720</height>
		<depth>3</depth>
	</size>
	<object>
		<name>Trash</name>
		<pose>Unspecified</pose>
		<truncated>0</truncated>
		<difficult>0</difficult>
		<bndbox>
			<xmin>133</xmin>
			<ymin>478</ymin>
			<xmax>177</xmax>
			<ymax>517</ymax>
		</bndbox>
	</object>
	<object>
		<name>Trash</name>
		<pose>Unspecified</pose>
		<truncated>0</truncated>
		<difficult>0</difficult>
		<bndbox>
			<xmin>609</xmin>
			<ymin>508</ymin>
			<xmax>667</xmax>
			<ymax>549</ymax>
		</bndbox>
	</object>
</annotation>