<annotation>
	<folder>my-project-name</folder>
	<filename>image_20250419_164729.jpg</filename>
	<path>/my-project-name/image_20250419_164729.jpg</path>
	<source>
		<database>Unspecified</database>
	</source>
	<size>
		<width>1280</width>
		<height>720</height>
		<depth>3</depth>
	</size>
	<object>
		<name>Trash</name>
		<pose>Unspecified</pose>
		<truncated>0</truncated>
		<difficult>0</difficult>
		<bndbox>
			<xmin>538</xmin>
			<ymin>502</ymin>
			<xmax>866</xmax>
			<ymax>661</ymax>
		</bndbox>
	</object>
	<object>
		<name>Trash</name>
		<pose>Unspecified</pose>
		<truncated>0</truncated>
		<difficult>0</difficult>
		<bndbox>
			<xmin>924</xmin>
			<ymin>537</ymin>
			<xmax>992</xmax>
			<ymax>564</ymax>
		</bndbox>
	</object>
</annotation>