<annotation>
	<folder>my-project-name</folder>
	<filename>image_20250419_165055.jpg</filename>
	<path>/my-project-name/image_20250419_165055.jpg</path>
	<source>
		<database>Unspecified</database>
	</source>
	<size>
		<width>1280</width>
		<height>720</height>
		<depth>3</depth>
	</size>
	<object>
		<name>Trash</name>
		<pose>Unspecified</pose>
		<truncated>0</truncated>
		<difficult>0</difficult>
		<bndbox>
			<xmin>880</xmin>
			<ymin>533</ymin>
			<xmax>913</xmax>
			<ymax>556</ymax>
		</bndbox>
	</object>
	<object>
		<name>Trash</name>
		<pose>Unspecified</pose>
		<truncated>0</truncated>
		<difficult>0</difficult>
		<bndbox>
			<xmin>433</xmin>
			<ymin>522</ymin>
			<xmax>480</xmax>
			<ymax>540</ymax>
		</bndbox>
	</object>
</annotation>