<annotation>
	<folder>my-project-name</folder>
	<filename>image_20250419_164559.jpg</filename>
	<path>/my-project-name/image_20250419_164559.jpg</path>
	<source>
		<database>Unspecified</database>
	</source>
	<size>
		<width>1280</width>
		<height>720</height>
		<depth>3</depth>
	</size>
	<object>
		<name>Trash</name>
		<pose>Unspecified</pose>
		<truncated>0</truncated>
		<difficult>0</difficult>
		<bndbox>
			<xmin>410</xmin>
			<ymin>505</ymin>
			<xmax>457</xmax>
			<ymax>530</ymax>
		</bndbox>
	</object>
	<object>
		<name>Trash</name>
		<pose>Unspecified</pose>
		<truncated>0</truncated>
		<difficult>0</difficult>
		<bndbox>
			<xmin>608</xmin>
			<ymin>507</ymin>
			<xmax>671</xmax>
			<ymax>545</ymax>
		</bndbox>
	</object>
</annotation>