<annotation>
	<folder>my-project-name</folder>
	<filename>image_20250419_165326.jpg</filename>
	<path>/my-project-name/image_20250419_165326.jpg</path>
	<source>
		<database>Unspecified</database>
	</source>
	<size>
		<width>1280</width>
		<height>720</height>
		<depth>3</depth>
	</size>
	<object>
		<name>Trash</name>
		<pose>Unspecified</pose>
		<truncated>0</truncated>
		<difficult>0</difficult>
		<bndbox>
			<xmin>759</xmin>
			<ymin>516</ymin>
			<xmax>777</xmax>
			<ymax>530</ymax>
		</bndbox>
	</object>
	<object>
		<name>Trash</name>
		<pose>Unspecified</pose>
		<truncated>0</truncated>
		<difficult>0</difficult>
		<bndbox>
			<xmin>85</xmin>
			<ymin>500</ymin>
			<xmax>114</xmax>
			<ymax>514</ymax>
		</bndbox>
	</object>
</annotation>