<annotation>
	<folder>my-project-name</folder>
	<filename>image_20250419_164518.jpg</filename>
	<path>/my-project-name/image_20250419_164518.jpg</path>
	<source>
		<database>Unspecified</database>
	</source>
	<size>
		<width>1280</width>
		<height>720</height>
		<depth>3</depth>
	</size>
	<object>
		<name>Trash</name>
		<pose>Unspecified</pose>
		<truncated>0</truncated>
		<difficult>0</difficult>
		<bndbox>
			<xmin>222</xmin>
			<ymin>465</ymin>
			<xmax>518</xmax>
			<ymax>591</ymax>
		</bndbox>
	</object>
	<object>
		<name>Trash</name>
		<pose>Unspecified</pose>
		<truncated>0</truncated>
		<difficult>0</difficult>
		<bndbox>
			<xmin>539</xmin>
			<ymin>436</ymin>
			<xmax>1279</xmax>
			<ymax>719</ymax>
		</bndbox>
	</object>
</annotation>