<annotation>
	<folder>my-project-name</folder>
	<filename>image_20250419_164734.jpg</filename>
	<path>/my-project-name/image_20250419_164734.jpg</path>
	<source>
		<database>Unspecified</database>
	</source>
	<size>
		<width>1280</width>
		<height>720</height>
		<depth>3</depth>
	</size>
	<object>
		<name>Trash</name>
		<pose>Unspecified</pose>
		<truncated>0</truncated>
		<difficult>0</difficult>
		<bndbox>
			<xmin>533</xmin>
			<ymin>497</ymin>
			<xmax>870</xmax>
			<ymax>670</ymax>
		</bndbox>
	</object>
	<object>
		<name>Trash</name>
		<pose>Unspecified</pose>
		<truncated>0</truncated>
		<difficult>0</difficult>
		<bndbox>
			<xmin>923</xmin>
			<ymin>534</ymin>
			<xmax>987</xmax>
			<ymax>564</ymax>
		</bndbox>
	</object>
</annotation>