<annotation>
	<folder>my-project-name</folder>
	<filename>image_20250419_164950.jpg</filename>
	<path>/my-project-name/image_20250419_164950.jpg</path>
	<source>
		<database>Unspecified</database>
	</source>
	<size>
		<width>1280</width>
		<height>720</height>
		<depth>3</depth>
	</size>
	<object>
		<name>Trash</name>
		<pose>Unspecified</pose>
		<truncated>0</truncated>
		<difficult>0</difficult>
		<bndbox>
			<xmin>578</xmin>
			<ymin>518</ymin>
			<xmax>687</xmax>
			<ymax>565</ymax>
		</bndbox>
	</object>
	<object>
		<name>Trash</name>
		<pose>Unspecified</pose>
		<truncated>0</truncated>
		<difficult>0</difficult>
		<bndbox>
			<xmin>716</xmin>
			<ymin>527</ymin>
			<xmax>793</xmax>
			<ymax>562</ymax>
		</bndbox>
	</object>
	<object>
		<name>Trash</name>
		<pose>Unspecified</pose>
		<truncated>0</truncated>
		<difficult>0</difficult>
		<bndbox>
			<xmin>1204</xmin>
			<ymin>551</ymin>
			<xmax>1279</xmax>
			<ymax>607</ymax>
		</bndbox>
	</object>
</annotation>