<annotation>
	<folder>my-project-name</folder>
	<filename>image_20250419_165030.jpg</filename>
	<path>/my-project-name/image_20250419_165030.jpg</path>
	<source>
		<database>Unspecified</database>
	</source>
	<size>
		<width>1280</width>
		<height>720</height>
		<depth>3</depth>
	</size>
	<object>
		<name>Trash</name>
		<pose>Unspecified</pose>
		<truncated>0</truncated>
		<difficult>0</difficult>
		<bndbox>
			<xmin>543</xmin>
			<ymin>516</ymin>
			<xmax>592</xmax>
			<ymax>537</ymax>
		</bndbox>
	</object>
	<object>
		<name>Trash</name>
		<pose>Unspecified</pose>
		<truncated>0</truncated>
		<difficult>0</difficult>
		<bndbox>
			<xmin>655</xmin>
			<ymin>519</ymin>
			<xmax>687</xmax>
			<ymax>538</ymax>
		</bndbox>
	</object>
	<object>
		<name>Trash</name>
		<pose>Unspecified</pose>
		<truncated>0</truncated>
		<difficult>0</difficult>
		<bndbox>
			<xmin>702</xmin>
			<ymin>526</ymin>
			<xmax>762</xmax>
			<ymax>550</ymax>
		</bndbox>
	</object>
</annotation>