<annotation>
	<folder>my-project-name</folder>
	<filename>image_20250419_165126.jpg</filename>
	<path>/my-project-name/image_20250419_165126.jpg</path>
	<source>
		<database>Unspecified</database>
	</source>
	<size>
		<width>1280</width>
		<height>720</height>
		<depth>3</depth>
	</size>
	<object>
		<name>Trash</name>
		<pose>Unspecified</pose>
		<truncated>0</truncated>
		<difficult>0</difficult>
		<bndbox>
			<xmin>778</xmin>
			<ymin>517</ymin>
			<xmax>816</xmax>
			<ymax>562</ymax>
		</bndbox>
	</object>
	<object>
		<name>Trash</name>
		<pose>Unspecified</pose>
		<truncated>0</truncated>
		<difficult>0</difficult>
		<bndbox>
			<xmin>433</xmin>
			<ymin>523</ymin>
			<xmax>479</xmax>
			<ymax>542</ymax>
		</bndbox>
	</object>
	<object>
		<name>Trash</name>
		<pose>Unspecified</pose>
		<truncated>0</truncated>
		<difficult>0</difficult>
		<bndbox>
			<xmin>498</xmin>
			<ymin>522</ymin>
			<xmax>518</xmax>
			<ymax>534</ymax>
		</bndbox>
	</object>
</annotation>