<annotation>
	<folder>my-project-name</folder>
	<filename>image_20250419_164704.jpg</filename>
	<path>/my-project-name/image_20250419_164704.jpg</path>
	<source>
		<database>Unspecified</database>
	</source>
	<size>
		<width>1280</width>
		<height>720</height>
		<depth>3</depth>
	</size>
	<object>
		<name>Trash</name>
		<pose>Unspecified</pose>
		<truncated>0</truncated>
		<difficult>0</difficult>
		<bndbox>
			<xmin>686</xmin>
			<ymin>502</ymin>
			<xmax>865</xmax>
			<ymax>585</ymax>
		</bndbox>
	</object>
	<object>
		<name>Trash</name>
		<pose>Unspecified</pose>
		<truncated>0</truncated>
		<difficult>0</difficult>
		<bndbox>
			<xmin>5</xmin>
			<ymin>473</ymin>
			<xmax>133</xmax>
			<ymax>533</ymax>
		</bndbox>
	</object>
	<object>
		<name>Trash</name>
		<pose>Unspecified</pose>
		<truncated>0</truncated>
		<difficult>0</difficult>
		<bndbox>
			<xmin>149</xmin>
			<ymin>487</ymin>
			<xmax>202</xmax>
			<ymax>512</ymax>
		</bndbox>
	</object>
</annotation>