<annotation>
	<folder>my-project-name</folder>
	<filename>image_20250419_164554.jpg</filename>
	<path>/my-project-name/image_20250419_164554.jpg</path>
	<source>
		<database>Unspecified</database>
	</source>
	<size>
		<width>1280</width>
		<height>720</height>
		<depth>3</depth>
	</size>
	<object>
		<name>Trash</name>
		<pose>Unspecified</pose>
		<truncated>0</truncated>
		<difficult>0</difficult>
		<bndbox>
			<xmin>411</xmin>
			<ymin>503</ymin>
			<xmax>458</xmax>
			<ymax>533</ymax>
		</bndbox>
	</object>
	<object>
		<name>Trash</name>
		<pose>Unspecified</pose>
		<truncated>0</truncated>
		<difficult>0</difficult>
		<bndbox>
			<xmin>609</xmin>
			<ymin>507</ymin>
			<xmax>668</xmax>
			<ymax>545</ymax>
		</bndbox>
	</object>
</annotation>