<annotation>
	<folder>my-project-name</folder>
	<filename>image_20250419_164619.jpg</filename>
	<path>/my-project-name/image_20250419_164619.jpg</path>
	<source>
		<database>Unspecified</database>
	</source>
	<size>
		<width>1280</width>
		<height>720</height>
		<depth>3</depth>
	</size>
	<object>
		<name>Trash</name>
		<pose>Unspecified</pose>
		<truncated>0</truncated>
		<difficult>0</difficult>
		<bndbox>
			<xmin>610</xmin>
			<ymin>510</ymin>
			<xmax>671</xmax>
			<ymax>548</ymax>
		</bndbox>
	</object>
	<object>
		<name>Trash</name>
		<pose>Unspecified</pose>
		<truncated>0</truncated>
		<difficult>0</difficult>
		<bndbox>
			<xmin>129</xmin>
			<ymin>479</ymin>
			<xmax>177</xmax>
			<ymax>519</ymax>
		</bndbox>
	</object>
</annotation>