<annotation>
	<folder>my-project-name</folder>
	<filename>image_20250419_164855.jpg</filename>
	<path>/my-project-name/image_20250419_164855.jpg</path>
	<source>
		<database>Unspecified</database>
	</source>
	<size>
		<width>1280</width>
		<height>720</height>
		<depth>3</depth>
	</size>
	<object>
		<name>Trash</name>
		<pose>Unspecified</pose>
		<truncated>0</truncated>
		<difficult>0</difficult>
		<bndbox>
			<xmin>6</xmin>
			<ymin>331</ymin>
			<xmax>330</xmax>
			<ymax>708</ymax>
		</bndbox>
	</object>
	<object>
		<name>Trash</name>
		<pose>Unspecified</pose>
		<truncated>0</truncated>
		<difficult>0</difficult>
		<bndbox>
			<xmin>345</xmin>
			<ymin>438</ymin>
			<xmax>1031</xmax>
			<ymax>715</ymax>
		</bndbox>
	</object>
	<object>
		<name>Trash</name>
		<pose>Unspecified</pose>
		<truncated>0</truncated>
		<difficult>0</difficult>
		<bndbox>
			<xmin>1077</xmin>
			<ymin>508</ymin>
			<xmax>1275</xmax>
			<ymax>709</ymax>
		</bndbox>
	</object>
</annotation>