<annotation>
	<folder>my-project-name</folder>
	<filename>image_20250419_165020.jpg</filename>
	<path>/my-project-name/image_20250419_165020.jpg</path>
	<source>
		<database>Unspecified</database>
	</source>
	<size>
		<width>1280</width>
		<height>720</height>
		<depth>3</depth>
	</size>
	<object>
		<name>Trash</name>
		<pose>Unspecified</pose>
		<truncated>0</truncated>
		<difficult>0</difficult>
		<bndbox>
			<xmin>144</xmin>
			<ymin>510</ymin>
			<xmax>226</xmax>
			<ymax>537</ymax>
		</bndbox>
	</object>
	<object>
		<name>Trash</name>
		<pose>Unspecified</pose>
		<truncated>0</truncated>
		<difficult>0</difficult>
		<bndbox>
			<xmin>346</xmin>
			<ymin>510</ymin>
			<xmax>416</xmax>
			<ymax>539</ymax>
		</bndbox>
	</object>
</annotation>