<annotation>
	<folder>my-project-name</folder>
	<filename>image_20250419_164845.jpg</filename>
	<path>/my-project-name/image_20250419_164845.jpg</path>
	<source>
		<database>Unspecified</database>
	</source>
	<size>
		<width>1280</width>
		<height>720</height>
		<depth>3</depth>
	</size>
	<object>
		<name>Trash</name>
		<pose>Unspecified</pose>
		<truncated>0</truncated>
		<difficult>0</difficult>
		<bndbox>
			<xmin>0</xmin>
			<ymin>295</ymin>
			<xmax>319</xmax>
			<ymax>713</ymax>
		</bndbox>
	</object>
	<object>
		<name>Trash</name>
		<pose>Unspecified</pose>
		<truncated>0</truncated>
		<difficult>0</difficult>
		<bndbox>
			<xmin>348</xmin>
			<ymin>447</ymin>
			<xmax>1028</xmax>
			<ymax>715</ymax>
		</bndbox>
	</object>
	<object>
		<name>Trash</name>
		<pose>Unspecified</pose>
		<truncated>0</truncated>
		<difficult>0</difficult>
		<bndbox>
			<xmin>1077</xmin>
			<ymin>505</ymin>
			<xmax>1279</xmax>
			<ymax>703</ymax>
		</bndbox>
	</object>
</annotation>