<annotation>
	<folder>my-project-name</folder>
	<filename>image_20250419_165321.jpg</filename>
	<path>/my-project-name/image_20250419_165321.jpg</path>
	<source>
		<database>Unspecified</database>
	</source>
	<size>
		<width>1280</width>
		<height>720</height>
		<depth>3</depth>
	</size>
	<object>
		<name>Trash</name>
		<pose>Unspecified</pose>
		<truncated>0</truncated>
		<difficult>0</difficult>
		<bndbox>
			<xmin>726</xmin>
			<ymin>528</ymin>
			<xmax>772</xmax>
			<ymax>550</ymax>
		</bndbox>
	</object>
	<object>
		<name>Trash</name>
		<pose>Unspecified</pose>
		<truncated>0</truncated>
		<difficult>0</difficult>
		<bndbox>
			<xmin>786</xmin>
			<ymin>534</ymin>
			<xmax>806</xmax>
			<ymax>550</ymax>
		</bndbox>
	</object>
</annotation>