<annotation>
	<folder>my-project-name</folder>
	<filename>image_20250419_164945.jpg</filename>
	<path>/my-project-name/image_20250419_164945.jpg</path>
	<source>
		<database>Unspecified</database>
	</source>
	<size>
		<width>1280</width>
		<height>720</height>
		<depth>3</depth>
	</size>
	<object>
		<name>Trash</name>
		<pose>Unspecified</pose>
		<truncated>0</truncated>
		<difficult>0</difficult>
		<bndbox>
			<xmin>582</xmin>
			<ymin>518</ymin>
			<xmax>690</xmax>
			<ymax>566</ymax>
		</bndbox>
	</object>
	<object>
		<name>Trash</name>
		<pose>Unspecified</pose>
		<truncated>0</truncated>
		<difficult>0</difficult>
		<bndbox>
			<xmin>719</xmin>
			<ymin>529</ymin>
			<xmax>794</xmax>
			<ymax>564</ymax>
		</bndbox>
	</object>
	<object>
		<name>Trash</name>
		<pose>Unspecified</pose>
		<truncated>0</truncated>
		<difficult>0</difficult>
		<bndbox>
			<xmin>1199</xmin>
			<ymin>550</ymin>
			<xmax>1280</xmax>
			<ymax>613</ymax>
		</bndbox>
	</object>
</annotation>