<annotation>
	<folder>my-project-name</folder>
	<filename>image_20250419_165146.jpg</filename>
	<path>/my-project-name/image_20250419_165146.jpg</path>
	<source>
		<database>Unspecified</database>
	</source>
	<size>
		<width>1280</width>
		<height>720</height>
		<depth>3</depth>
	</size>
	<object>
		<name>Trash</name>
		<pose>Unspecified</pose>
		<truncated>0</truncated>
		<difficult>0</difficult>
		<bndbox>
			<xmin>318</xmin>
			<ymin>519</ymin>
			<xmax>337</xmax>
			<ymax>528</ymax>
		</bndbox>
	</object>
	<object>
		<name>Trash</name>
		<pose>Unspecified</pose>
		<truncated>0</truncated>
		<difficult>0</difficult>
		<bndbox>
			<xmin>492</xmin>
			<ymin>523</ymin>
			<xmax>510</xmax>
			<ymax>532</ymax>
		</bndbox>
	</object>
	<object>
		<name>Trash</name>
		<pose>Unspecified</pose>
		<truncated>0</truncated>
		<difficult>0</difficult>
		<bndbox>
			<xmin>521</xmin>
			<ymin>528</ymin>
			<xmax>539</xmax>
			<ymax>535</ymax>
		</bndbox>
	</object>
</annotation>