<annotation>
	<folder>my-project-name</folder>
	<filename>image_20250419_164759.jpg</filename>
	<path>/my-project-name/image_20250419_164759.jpg</path>
	<source>
		<database>Unspecified</database>
	</source>
	<size>
		<width>1280</width>
		<height>720</height>
		<depth>3</depth>
	</size>
	<object>
		<name>Trash</name>
		<pose>Unspecified</pose>
		<truncated>0</truncated>
		<difficult>0</difficult>
		<bndbox>
			<xmin>308</xmin>
			<ymin>475</ymin>
			<xmax>447</xmax>
			<ymax>564</ymax>
		</bndbox>
	</object>
	<object>
		<name>Trash</name>
		<pose>Unspecified</pose>
		<truncated>0</truncated>
		<difficult>0</difficult>
		<bndbox>
			<xmin>710</xmin>
			<ymin>490</ymin>
			<xmax>900</xmax>
			<ymax>586</ymax>
		</bndbox>
	</object>
</annotation>