<annotation>
	<folder>my-project-name</folder>
	<filename>image_20250419_164804.jpg</filename>
	<path>/my-project-name/image_20250419_164804.jpg</path>
	<source>
		<database>Unspecified</database>
	</source>
	<size>
		<width>1280</width>
		<height>720</height>
		<depth>3</depth>
	</size>
	<object>
		<name>Trash</name>
		<pose>Unspecified</pose>
		<truncated>0</truncated>
		<difficult>0</difficult>
		<bndbox>
			<xmin>133</xmin>
			<ymin>466</ymin>
			<xmax>405</xmax>
			<ymax>634</ymax>
		</bndbox>
	</object>
	<object>
		<name>Trash</name>
		<pose>Unspecified</pose>
		<truncated>0</truncated>
		<difficult>0</difficult>
		<bndbox>
			<xmin>423</xmin>
			<ymin>487</ymin>
			<xmax>586</xmax>
			<ymax>597</ymax>
		</bndbox>
	</object>
	<object>
		<name>Trash</name>
		<pose>Unspecified</pose>
		<truncated>0</truncated>
		<difficult>0</difficult>
		<bndbox>
			<xmin>5</xmin>
			<ymin>423</ymin>
			<xmax>105</xmax>
			<ymax>713</ymax>
		</bndbox>
	</object>
</annotation>