<annotation>
	<folder>my-project-name</folder>
	<filename>image_20250419_164543.jpg</filename>
	<path>/my-project-name/image_20250419_164543.jpg</path>
	<source>
		<database>Unspecified</database>
	</source>
	<size>
		<width>1280</width>
		<height>720</height>
		<depth>3</depth>
	</size>
	<object>
		<name>Trash</name>
		<pose>Unspecified</pose>
		<truncated>0</truncated>
		<difficult>0</difficult>
		<bndbox>
			<xmin>234</xmin>
			<ymin>489</ymin>
			<xmax>351</xmax>
			<ymax>534</ymax>
		</bndbox>
	</object>
	<object>
		<name>Trash</name>
		<pose>Unspecified</pose>
		<truncated>0</truncated>
		<difficult>0</difficult>
		<bndbox>
			<xmin>610</xmin>
			<ymin>508</ymin>
			<xmax>668</xmax>
			<ymax>546</ymax>
		</bndbox>
	</object>
</annotation>