<annotation>
	<folder>my-project-name</folder>
	<filename>image_20250419_165141.jpg</filename>
	<path>/my-project-name/image_20250419_165141.jpg</path>
	<source>
		<database>Unspecified</database>
	</source>
	<size>
		<width>1280</width>
		<height>720</height>
		<depth>3</depth>
	</size>
	<object>
		<name>Trash</name>
		<pose>Unspecified</pose>
		<truncated>0</truncated>
		<difficult>0</difficult>
		<bndbox>
			<xmin>497</xmin>
			<ymin>528</ymin>
			<xmax>519</xmax>
			<ymax>534</ymax>
		</bndbox>
	</object>
	<object>
		<name>Trash</name>
		<pose>Unspecified</pose>
		<truncated>0</truncated>
		<difficult>0</difficult>
		<bndbox>
			<xmin>473</xmin>
			<ymin>523</ymin>
			<xmax>489</xmax>
			<ymax>532</ymax>
		</bndbox>
	</object>
	<object>
		<name>Trash</name>
		<pose>Unspecified</pose>
		<truncated>0</truncated>
		<difficult>0</difficult>
		<bndbox>
			<xmin>295</xmin>
			<ymin>522</ymin>
			<xmax>315</xmax>
			<ymax>529</ymax>
		</bndbox>
	</object>
</annotation>