<annotation>
	<folder>my-project-name</folder>
	<filename>image_20250419_165216.jpg</filename>
	<path>/my-project-name/image_20250419_165216.jpg</path>
	<source>
		<database>Unspecified</database>
	</source>
	<size>
		<width>1280</width>
		<height>720</height>
		<depth>3</depth>
	</size>
	<object>
		<name>Trash</name>
		<pose>Unspecified</pose>
		<truncated>0</truncated>
		<difficult>0</difficult>
		<bndbox>
			<xmin>626</xmin>
			<ymin>522</ymin>
			<xmax>689</xmax>
			<ymax>543</ymax>
		</bndbox>
	</object>
	<object>
		<name>Trash</name>
		<pose>Unspecified</pose>
		<truncated>0</truncated>
		<difficult>0</difficult>
		<bndbox>
			<xmin>172</xmin>
			<ymin>508</ymin>
			<xmax>213</xmax>
			<ymax>519</ymax>
		</bndbox>
	</object>
	<object>
		<name>Trash</name>
		<pose>Unspecified</pose>
		<truncated>0</truncated>
		<difficult>0</difficult>
		<bndbox>
			<xmin>613</xmin>
			<ymin>524</ymin>
			<xmax>623</xmax>
			<ymax>539</ymax>
		</bndbox>
	</object>
</annotation>