<annotation>
	<folder>my-project-name</folder>
	<filename>image_20250419_165116.jpg</filename>
	<path>/my-project-name/image_20250419_165116.jpg</path>
	<source>
		<database>Unspecified</database>
	</source>
	<size>
		<width>1280</width>
		<height>720</height>
		<depth>3</depth>
	</size>
	<object>
		<name>Trash</name>
		<pose>Unspecified</pose>
		<truncated>0</truncated>
		<difficult>0</difficult>
		<bndbox>
			<xmin>436</xmin>
			<ymin>522</ymin>
			<xmax>475</xmax>
			<ymax>540</ymax>
		</bndbox>
	</object>
	<object>
		<name>Trash</name>
		<pose>Unspecified</pose>
		<truncated>0</truncated>
		<difficult>0</difficult>
		<bndbox>
			<xmin>778</xmin>
			<ymin>518</ymin>
			<xmax>814</xmax>
			<ymax>562</ymax>
		</bndbox>
	</object>
	<object>
		<name>Trash</name>
		<pose>Unspecified</pose>
		<truncated>0</truncated>
		<difficult>0</difficult>
		<bndbox>
			<xmin>270</xmin>
			<ymin>517</ymin>
			<xmax>367</xmax>
			<ymax>554</ymax>
		</bndbox>
	</object>
</annotation>