<annotation>
	<folder>my-project-name</folder>
	<filename>image_20250419_165151.jpg</filename>
	<path>/my-project-name/image_20250419_165151.jpg</path>
	<source>
		<database>Unspecified</database>
	</source>
	<size>
		<width>1280</width>
		<height>720</height>
		<depth>3</depth>
	</size>
	<object>
		<name>Trash</name>
		<pose>Unspecified</pose>
		<truncated>0</truncated>
		<difficult>0</difficult>
		<bndbox>
			<xmin>901</xmin>
			<ymin>537</ymin>
			<xmax>921</xmax>
			<ymax>546</ymax>
		</bndbox>
	</object>
	<object>
		<name>Trash</name>
		<pose>Unspecified</pose>
		<truncated>0</truncated>
		<difficult>0</difficult>
		<bndbox>
			<xmin>924</xmin>
			<ymin>542</ymin>
			<xmax>935</xmax>
			<ymax>544</ymax>
		</bndbox>
	</object>
	<object>
		<name>Trash</name>
		<pose>Unspecified</pose>
		<truncated>0</truncated>
		<difficult>0</difficult>
		<bndbox>
			<xmin>722</xmin>
			<ymin>530</ymin>
			<xmax>736</xmax>
			<ymax>538</ymax>
		</bndbox>
	</object>
</annotation>