<annotation>
	<folder>my-project-name</folder>
	<filename>image_20250419_165005.jpg</filename>
	<path>/my-project-name/image_20250419_165005.jpg</path>
	<source>
		<database>Unspecified</database>
	</source>
	<size>
		<width>1280</width>
		<height>720</height>
		<depth>3</depth>
	</size>
	<object>
		<name>Trash</name>
		<pose>Unspecified</pose>
		<truncated>0</truncated>
		<difficult>0</difficult>
		<bndbox>
			<xmin>711</xmin>
			<ymin>527</ymin>
			<xmax>793</xmax>
			<ymax>561</ymax>
		</bndbox>
	</object>
	<object>
		<name>Trash</name>
		<pose>Unspecified</pose>
		<truncated>0</truncated>
		<difficult>0</difficult>
		<bndbox>
			<xmin>814</xmin>
			<ymin>532</ymin>
			<xmax>929</xmax>
			<ymax>578</ymax>
		</bndbox>
	</object>
	<object>
		<name>Trash</name>
		<pose>Unspecified</pose>
		<truncated>0</truncated>
		<difficult>0</difficult>
		<bndbox>
			<xmin>1204</xmin>
			<ymin>551</ymin>
			<xmax>1280</xmax>
			<ymax>607</ymax>
		</bndbox>
	</object>
</annotation>