<annotation>
	<folder>my-project-name</folder>
	<filename>image_20250419_164754.jpg</filename>
	<path>/my-project-name/image_20250419_164754.jpg</path>
	<source>
		<database>Unspecified</database>
	</source>
	<size>
		<width>1280</width>
		<height>720</height>
		<depth>3</depth>
	</size>
	<object>
		<name>Trash</name>
		<pose>Unspecified</pose>
		<truncated>0</truncated>
		<difficult>0</difficult>
		<bndbox>
			<xmin>304</xmin>
			<ymin>471</ymin>
			<xmax>444</xmax>
			<ymax>559</ymax>
		</bndbox>
	</object>
	<object>
		<name>Trash</name>
		<pose>Unspecified</pose>
		<truncated>0</truncated>
		<difficult>0</difficult>
		<bndbox>
			<xmin>710</xmin>
			<ymin>489</ymin>
			<xmax>898</xmax>
			<ymax>583</ymax>
		</bndbox>
	</object>
</annotation>