<annotation>
	<folder>my-project-name</folder>
	<filename>image_20250419_165231.jpg</filename>
	<path>/my-project-name/image_20250419_165231.jpg</path>
	<source>
		<database>Unspecified</database>
	</source>
	<size>
		<width>1280</width>
		<height>720</height>
		<depth>3</depth>
	</size>
	<object>
		<name>Trash</name>
		<pose>Unspecified</pose>
		<truncated>0</truncated>
		<difficult>0</difficult>
		<bndbox>
			<xmin>33</xmin>
			<ymin>480</ymin>
			<xmax>303</xmax>
			<ymax>620</ymax>
		</bndbox>
	</object>
</annotation>