<annotation>
	<folder>my-project-name</folder>
	<filename>image_20250419_164639.jpg</filename>
	<path>/my-project-name/image_20250419_164639.jpg</path>
	<source>
		<database>Unspecified</database>
	</source>
	<size>
		<width>1280</width>
		<height>720</height>
		<depth>3</depth>
	</size>
	<object>
		<name>Trash</name>
		<pose>Unspecified</pose>
		<truncated>0</truncated>
		<difficult>0</difficult>
		<bndbox>
			<xmin>2</xmin>
			<ymin>476</ymin>
			<xmax>135</xmax>
			<ymax>537</ymax>
		</bndbox>
	</object>
	<object>
		<name>Trash</name>
		<pose>Unspecified</pose>
		<truncated>0</truncated>
		<difficult>0</difficult>
		<bndbox>
			<xmin>150</xmin>
			<ymin>492</ymin>
			<xmax>201</xmax>
			<ymax>512</ymax>
		</bndbox>
	</object>
</annotation>