<annotation>
	<folder>my-project-name</folder>
	<filename>image_20250419_164850.jpg</filename>
	<path>/my-project-name/image_20250419_164850.jpg</path>
	<source>
		<database>Unspecified</database>
	</source>
	<size>
		<width>1280</width>
		<height>720</height>
		<depth>3</depth>
	</size>
	<object>
		<name>Trash</name>
		<pose>Unspecified</pose>
		<truncated>0</truncated>
		<difficult>0</difficult>
		<bndbox>
			<xmin>6</xmin>
			<ymin>322</ymin>
			<xmax>327</xmax>
			<ymax>699</ymax>
		</bndbox>
	</object>
	<object>
		<name>Trash</name>
		<pose>Unspecified</pose>
		<truncated>0</truncated>
		<difficult>0</difficult>
		<bndbox>
			<xmin>336</xmin>
			<ymin>441</ymin>
			<xmax>1030</xmax>
			<ymax>714</ymax>
		</bndbox>
	</object>
	<object>
		<name>Trash</name>
		<pose>Unspecified</pose>
		<truncated>0</truncated>
		<difficult>0</difficult>
		<bndbox>
			<xmin>1074</xmin>
			<ymin>512</ymin>
			<xmax>1280</xmax>
			<ymax>704</ymax>
		</bndbox>
	</object>
</annotation>